too分裂,5.0,知道《长津湖》有下部《水门桥》后，老爸早就惦记着了。对老一辈人来说是纪念，对年轻一代来说是学习，志愿军战士这段历史这种精神是我们中国人世世代代都应铭记的。易烊千玺把伍万里经过战争而不得不从江边野孩子迅速蜕变为能独当一面的七连战士这种痛苦的成长演得特别好，从上部最初的野性，到这部背负生死的沉重。,02-01,5.0,0.0
梁威是条狗,5.0,当血肉长城阻退了战争机器，真是一部让人难过的爽片。和《长津湖》不同，本片主要是徐克导演，陈凯歌和林超贤成了监制，感觉拍得更好看了。看过长津湖战役的纪录片，其实真实的炸桥，炸了更多次，最后连桥墩都炸了，比影片还要残酷，最后还是输给了美国人在日本连夜定制“钢桥”。最后一个真正“浴火重生”的戏剧性结局，一个生命的消逝，换来了一个英雄精神的延续和民族的“未来”，不禁让人感慨绝了，还是得徐老怪啊。,02-16,5.0,0.0
武侠小王子,5.0, 一部让人热血沸腾的电影，国产战争电影的标杆。经历了前作《长津湖》的洗礼之后，《水门桥》在战争场面上更为流畅和集中，而叙事和动作的无缝衔接，让电影达到了思想性和商业性的统一。关键是，能从这部电影中找到故事的情感脉络，最惊喜的是在战争宏大场面下竟然能做到个体人物塑造和情怀那么饱满，无论是“千万里”兄弟无声的捏脸杀，还是梅生叼着女儿照片时候坚毅的神态，隔着屏幕感同身受，真的很棒！,02-01,5.0,0.0
小影加油,5.0,春节档场面最大的电影，没有之一。很喜欢的一个点是，战役从来不仅仅是的英雄主义无畏牺牲，更多的是科技军备和战略谋划，自甘做炮灰的一腔孤勇，在铸就胜利者的勋章中远远不够。而电影里就有很多军事谋略的体现，排兵布阵，临场应变，上到带队的将领，下到一线士兵，带着智慧和热血前赴后继。制空权轰杀最为令人绝望，刀俎鱼肉，科技绝对是第一生产力。群像的描画各有侧重，人物特征鲜明，离场的方式各有不同，惨烈恐怖如斯。保命光环在真实战争中从来不存在，之前看到运送志愿军战士遗骸回家的新闻就已泪目，再想想有多少灰飞烟灭的……影片高潮不断，战斗不断，马不停蹄，几乎无修整就接连奔赴下一个战场，慢镜头和长镜头穿插得当，是电影很好的注释和表达。,02-15,5.0,0.0
小傻瓜De萍萍,5.0,展现志愿军英勇无畏的战斗精神，以快节奏推进着“进攻下碣隅里”“抢占美军机场”两场战斗，与战士们一同置身于巨大危机下，从而制造了悬念与紧张感，也是长津湖战役中最艰苦、也最惋惜的战斗，现英雄角色壮烈牺牲的崇高感，为志愿军战士精神。,06-21,5.0,0.0
不若不见,5.0,第一次看上部的时候因为音响和不间断的轰炸高潮难受到半途出来，第二部猜到应该都死完了就不敢去看，终于时隔这么久在电影频道看了一遍，放完就是国歌好评。看到中间还是全身发抖无法控制，鼓足一点点勇气，去看英雄们赴死。为什么要用慢动作？因为战场上生命消逝转瞬即逝，为什么要着重拍一个个如何痛苦死去，因为他们已经被遗忘，为什么事倍功半还要去牺牲，因为背后是我们的祖国和家人??依旧很难受，但是当年的英雄们该更痛苦才有了现在的我们，向死而行，明知和美军实力悬殊也要以身相拼，每一个默默无闻的名字都值得被铭记。拍摄或许各有长短，但是这份精神传达到位了，民族精神凝聚，我觉得是部好电影。下部没有那么渲染，上部过于展示如何牺牲，太难受了，我们要记住的不是怎么死而是不畏死的保家卫国的崇高与伟大。实到1人??幸好钢七连还在,05-17,5.0,0.0
电影隐士,5.0,吹爆大桥水门桥观后感：80分/100分文戏多 剧情简单直白 但渐入佳境（参考复联4）比红海行动血腥很多历史事件浪漫化处理，太赞了！！徐克牛逼！！美军客观刻画易烊千玺很出彩有好莱坞式慢镜头特效有中国志愿军独特的打法结尾与长津湖开头前后呼应，大泪点！50亿稳了，60亿看大家了！,02-01,4.999999999995944,4.056310842770472e-12
Dream朝暮,5.0,成片四星，情感加一星。比前作好，风格统一，叙事完整，群像丰满。几乎全程都在哭~ 每一个牺牲的人物都象征了无数普通又伟大的志愿军战士，他们在关键时刻挺身而出。我看到他们的勇气、坚毅、信仰和饱含深情的爱――对战友、对亲人、对人民、对祖国… 永远铭记先辈们用鲜血和生命换来的和平！,07-18,4.99999999999441,5.590194973592588e-12
zkd??,5.0,新年的第一次哭泣给了千玺弟弟  文戏和感情戏不多但是很顺的串起了全剧  千里和平河最后的对手戏是第一个泪点  梅生开车冲下去是第二个泪点  万里最后接过旗子直接泪崩  全剧最后千里和万里的对手戏结束影院的人情绪都到顶点了  旁边小朋友和他的爸爸都开始偷偷抹眼泪  总体观感比第一部好很多  是很合格的贺岁片,02-01,4.999999999982935,1.7064571977698506e-11
光影人生,5.0,"战争场面开场就入戏，又爽又燃，志愿军和美军正面硬刚，轰炸机，坦克，榴弹炮，枪战应接不暇，炮火轰鸣的视觉和音效中，真实刺激，仿佛身临其境，十分震撼！当然重要的是，这部电影还是那么的感人好哭，让人的情绪拉的满满地！爱国情，战友情，兄弟情，父女情全都戳在泪点上，在影院一直哭的缓不过来劲。 他们在自己大好年华把该打的仗打完了，才有我们现在的太平盛世！勇敢无畏的七连YYDS, 志愿军YYDS！",02-01,4.999999999356854,6.431459809164153e-10
老王子,5.0,做为主旋律电影，能做到剧情无硬伤，无过度煽情，无强调我方机智，敌方傻逼已经说很难得了。真实而残酷，还原程度很高，希望世界没有战争，感谢祖国先烈为我们的和平作出的奉献，我爱我的祖国。,07-02,4.9999999410598885,5.894011145812783e-08
宇宙里的小尘埃,5.0,给每一个英雄致敬！必须五颗星！中国军人，真不容易！今天的幸福生活，都是他们用血肉换来的。一个战役，在历史书上只有简单一笔，但是有多少人命啊，青山处处埋忠骨,07-05,4.999999875853831,1.2414616890055186e-07
炮腾,5.0,泪崩两次，千里牺牲一次，报部队番号一次。相对于第一部优秀很多，毕竟第一部是塑造人物形象，让角色立体化。这就给第二部起了很大的加成作用。岁月仍未安好，吾辈当自强。,02-01,4.999999791939358,2.0806064160439064e-07
没啥可看的,5.0,看完夜场电影，一路散步走回宿舍内心久久不能平静，只记得那些血肉模糊的惨烈，一想到现实战争远比电影更夸张，就只想满星打给最可爱的志愿军们！！此致敬礼,02-02,4.999999760574297,2.394257032634073e-07
水木沐澄,5.0,“不是飞机大炮，不是导弹坦克，也不是核武器。而是一群能自由而幸福生活的人们，保卫他们的生活方式的决心。”刚好今天看到芬兰加入北约的新闻，找到了以前微信推文，说的是当年苏联和芬兰的战争，文中有一句话，觉得可以发出来,05-17,4.99999958418711,4.15812889897893e-07
MoCuishle,5.0,"比长津湖更沉重更好精彩。
大年初一和8岁的侄子一起去看，整个厅里好多小朋友，他们都看的很认真。我8岁的侄子已经能清楚知道抗美援朝打的是美国，后面的小女孩哭了好久。我想这就是意义，历史不能忘记。致敬伟大的志愿军烈士。",02-01,4.999994358096153,5.6419038472199645e-06
来包乐事吗丶,5.0,每一个牺牲的角色都让我泪洒当场…想象一下实际的战争应该远比拍出来的更残酷??文戏很少，没有大的毛病，总体四星半，为祝福新中国万岁满星！,02-01,4.999980255094757,1.974490524325745e-05
forcedemail.,5.0,易烊千玺饰演的万里的成长线真的很让人心疼，战争让一个少年迅速衰老三十岁…,02-01,4.999977279906573,2.2720093427075483e-05
芜下阿萌,5.0,心情难受压抑恐惧想，如果不是他们，可能就是我们这一代人去面对这些明知道近乎等于送死也要去，因为不去的话就等于失败失败了我们连送死的反击机会都不会有了如果是我面对就只有害怕但现在的我一直看的时候想着保护的都是自己的女儿所以感觉的不是恐惧与无奈而是懂得了面对战争那种有必须必须要保护的人却即使去死也未必保护周全的感觉,03-05,4.999972841545451,2.7158454549258693e-05
夜总会★金爷,5.0,这一部要比上部《长津湖》更加惨烈、更加好看！难以想象，当年的志愿军战士们看到自己付出巨大牺牲后炸掉的水门桥竟然被美军用空投桥梁的方式修好，该是何等的绝望啊！虽已过去了七十年，但志愿军精神永不磨灭！,02-01,4.999969040357605,3.095964239463456e-05
路人乙,5.0,和她一起看的第六十八部电影。时隔两年后一起走进老家电影院，电影承袭上一部的品质，并且更能体现徐克的风格，唯一遗憾的是在电影开始小吴没能在娃娃机里抓到一个娃娃。,02-21,4.999963544994298,3.6455005702151766e-05
不要熬夜,5.0,刚出来，本来想说这不还好，眼泪忍住了，结果最后还是没成功。报人数时从一连开始一个个数时其实都很清楚到七连时会发生什么但还是忍不住了…印象最深刻的还有那句“新中国万岁”，说完这句话后战士们奔向各自的战场，去迎接各自的结局…,02-01,4.999954058724565,4.594127543455784e-05
Cecilia,5.0,节奏很好，年纪大了爱看战争片了看了这部片子以后，不仅讨厌白莲花，还歧视男性娘炮，中国需要多一点硬汉看得我哭的要死易烊千玺演了这个角色后更喜欢他了牛逼牛逼,02-03,4.999951611414669,4.838858533062762e-05
老滕就是老滕,5.0,院。水门桥让我们看到了，抗美援朝时期我军战资物力真的实力悬殊，美军喝热咖啡驱寒，我军啃冰雪醒脑…落后就要挨打啊！七连全军只剩下一人，全部都是一个兵代表一支队伍去打，整一个大暴哭！伍千里说七连都是我哥，破防了！水门桥每个人都是主角。如今和平盛世，长日当空，真美好啊,02-01,4.999945691985019,5.430801498107485e-05
蓝天,5.0,志愿军战士永垂不朽！美帝打朝鲜战争时已经富了100多年，当时的工业全球第一，三次舍生忘死的炸桥，美帝最后用两天在日本赶制钢板空运到水门桥一铺就过桥了。能够取得胜利，靠的是英勇无畏的精神！72年过去，国人当自强，科技创新迎头赶上。,02-02,4.999945310262977,5.4689737022606266e-05
晴天有时下猪,5.0,比第一部好看，节奏明快，有镜头设计，有宏大叙事，也有泪点，似曾相识的规格感。,02-15,4.9998245733983175,0.00017542660168246016
Bead lotus,5.0,几乎是从头哭到尾，太惨烈，太悲壮了，那种不畏牺牲不惧生死的革命精神和战斗精神，放到国际关系风云诡谲的今天，依然是那么的重要！！！居安思危啊…………,06-04,4.999799503829625,0.00020049617037543044
哒啦啦,5.0,这一部我好喜欢啊！不管是情节上还是拍摄手法上都很完整统一，动人的地方很多，易烊千玺演得真的好牛啊，旁边的姑娘哭得太大声了,02-01,4.99976948213931,0.00023051786068961633
MISs.KIRA,5.0,这种戏应该在电影院看，家里电视看没有影院那种视觉震撼。不太喜欢看到流量出现在战争片里，尤其四字，总给人苦大仇深脸的感觉，没有那个年代小战士的淳朴感。,02-03,4.999761544423708,0.00023845557629176284
哎呦表酱说啦,5.0,比长城更加坚固的是中国军人用血肉铸造的钢铁城墙！在水门桥上的七连和九连的战士根本就没有想过回头……第一部的时候没有掉眼泪，但第二部还是忍不住哭了。中间的泪点有点多啊！什么特别好？是你们特别好啊TAT,02-09,4.999755074152011,0.00024492584798885275
野草莓,5.0,我觉得比第一部好看，故事更紧凑，第一部有点散，战争节奏太快。平河最惨。,02-01,4.99967495381574,0.0003250461842601027
野草莓,5.0,我觉得比第一部好看，故事更紧凑，第一部有点散，战争节奏太快。平河最惨。,02-01,4.99967495381574,0.0003250461842601027
耶加雪菲,5.0,战争场面拍的非常宏大，以少敌多，以弱胜强，让我们珍惜现在的太平盛世。,02-23,4.999582575478509,0.0004174245214914052
闲敲棋子落灯花,5.0,珍爱和平。致敬为新中国成立和发展的革命先辈。,06-14,4.999384819958431,0.000615180041569019
咖啡不菲i,5.0,感动感动，易烊千玺实力男演员,02-02,4.999257070767482,0.0007429292325182857
咖啡不菲i,5.0,感动感动，易烊千玺实力男演员,02-02,4.999257070767482,0.0007429292325182857
好久好久可能你,5.0,伍千里每一次发布任务都会心酸，都知道九死一生但是为了为了祖国不得不安排任务，那场面每一次都令人动容,02-01,4.999199862037366,0.0008001379626341176
斐墨留香,5.0,视觉效果很炸裂，炸炸炸，轰轰轰，美军的空投和火烧真的让人窒息，让我们只有无力还击，从一开始的夺取炮弹到攻陷机场到二炸水门桥，剧情紧凑，真是七连穿插队生命在炸桥，最后只剩一人，带我爸一起去的，他觉得实景太少了，特效太多了，总体还行。,02-07,4.999179123479642,0.0008208765203576718
豆奶炸牛奶,5.0,比1好看，节奏很紧凑，从头打到尾，全场满座，最后哭的哟！徐克靠谱！5555我以为会拍3的结果大家都没了55555感谢英雄烈士们，给我们带来的和平盛世大好河山！,02-02,4.999103635864145,0.0008963641358548102
宝藏男孩,5.0,林超贤参与的电影必须经典！国内主旋律电影导演第一人！,02-01,4.999100775922107,0.0008992240778926686
宝藏男孩,5.0,林超贤参与的电影必须经典！国内主旋律电影导演第一人！,02-01,4.999100775922107,0.0008992240778926686
梅德布耀卜耀德,5.0,谁也不能阻止中国人民对和平生活的追求，谁也不能侮辱中国人民的尊严！,02-01,4.998979593805279,0.0010204061947209908
不2良民,5.0,太可了，我三年的眼泪都在这2个多小时里流完了――平河死得太惨烈了，余从戎悲壮，唉，要是把吴京片中的武打动作设计减少一点，就更好了,05-05,4.998330101019122,0.001669898980877882
格兰芬多,5.0,《水门桥》带来的泪水，是真正的家国情怀。致敬，中国人民志愿军。,02-01,4.998281059672343,0.0017189403276569593
momo,5.0,有些战争我们必须打，没有退路，有些牺牲我们必须上，没有余地，战斗精神无畏，中国人民志愿军万岁。,02-02,4.997699933934138,0.002300066065862083
芦水喵语,5.0,比第一部好很多，个人英雄主义的气息减弱不少，整体就变得更加协调。,02-20,4.997145266928404,0.002854733071595561
火星美,5.0,徐克用千里万里的一场戏封住我嘴@_>A就是他俩最后同框那场 嗯 挺好 作战清晰 看进去了 很佩服整个团队 看着都辛苦,02-01,4.9958197139828755,0.0041802860171245015
天真的咸鱼,5.0,不错！余从戎为掩护队友为敌机活活烧死那一段真的很震撼。致敬,02-04,4.99459926246541,0.005400737534589695
??,5.0,水门桥不愧是你yyds伍万里好棒,02-01,4.994522499756909,0.005477500243091349
Jay Zang,5.0,太好了，演员演技全部到位。比第一部还好哭??????,02-01,4.993696102894178,0.0063038971058215765
,5.0,绝了，比第一部还好看，战斗集中于水门桥，真的很不错。就是哭麻了??,02-01,4.992410686092422,0.007589313907578443
Angela,5.0,和第一部一样好看，这部牺牲更大，很感动。,02-01,4.99185660453564,0.008143395464360381
xenomorph,5.0,拍的真的太好了，结尾也很震撼，就是这个结尾呢，好像在哪见过……,02-01,4.991653349561243,0.008346650438756598
帅哥今天有运动,5.0,看完之后，更加明白“青山处处埋忠骨”。,02-01,4.98875258916962,0.011247410830380389
Wongkar,3.0,煽情位有点多！不过看到实到一人还是泪目啊！！战斗会非常艰苦但我们要争取胜利。,03-02,2.988251481361464,0.011748518638535987
Augusta,5.0,战史是全部牺牲，电影为观众保留了一个希望。新中国，万岁！,02-01,4.987056433406586,0.012943566593413891
WIN小蒂,5.0,“特别好特别好就是……我特别特别想你…….”拼命忍住眼泪最后报数那边泪崩。 中国志愿军永垂不朽！！,02-01,4.986995054441174,0.013004945558826364
鱼要丸子,5.0,太好哭了，祖国的强大在于有着无数人的前仆后继,02-01,4.981986711868231,0.018013288131768945
Grace,5.0,感动震撼，不可磨灭的意志。被七连伍万里最后报数：“第七连穿插应到一百五十七人，实到一人”这句话整得涕泪横流,02-01,4.981360164302654,0.018639835697346285
Leslie,5.0,大场面，前期让人热血沸腾，后半部分达到了反战警示的效果,02-01,4.980676299791501,0.01932370020849916
花花,5.0,看完心情很沉重。伍万里拿到旗帜的那一刻，才有些明白军人的荣耀是多么沉。,02-02,4.97455625948729,0.025443740512709923
手提核弹炸陨石,5.0,老大带着老二上战场，老二带老大骨灰回家；老三跟着老二上战场，带着老二骨灰回家。挺感动的。,02-02,4.973373287689249,0.02662671231075109
小强RUC,5.0,充分展现了志愿军不怕死的精神。但国力的差距实在是太大了，制空权、武器装备。牺牲那么大炸的桥，并没有成为障碍。,03-08,4.971876885786704,0.028123114213295608
豆友224961344,4.0,比第一部好一些。,06-03,4.02875485618125,0.02875485618124962
Pow(d)er,5.0,我这五星，献给五星红旗，献给最可爱的人。,03-01,4.9693718759302605,0.03062812406973947
momo,5.0,千里最后就算牺牲了也还是救了万里一命????,02-01,4.967970419919609,0.03202958008039136
麻瓜凡,4.0,7分吧。拍的最好的部分是平河炸坦克；拍的最迷惑的地方是桥面插着炮弹，美军却不杀有枪的伍千里而是想留着戏耍。民族英雄不需要通过给敌人降智来凸显。,02-05,4.038644584817421,0.038644584817420835
楚大刀,5.0,2022.2.1.大年初一观影。为志愿军战士们打五星吧。希望国土安宁，永无战争。,02-16,4.960394540448952,0.03960545955104777
crystal  magic,5.0,节奏比第一部要好太多了  没有一点冷场，从头打到尾 徐克风格体现淋漓尽致，太压抑了，比第一部压抑太多  真的不适合过年看，最后的第七穿插连实到一人真的是个中国人都要破防，给伟大的志愿军战士致敬,02-19,4.9471177911541595,0.052882208845840495
crystal  magic,5.0,节奏比第一部要好太多了  没有一点冷场，从头打到尾 徐克风格体现淋漓尽致，太压抑了，比第一部压抑太多  真的不适合过年看，最后的第七穿插连实到一人真的是个中国人都要破防，给伟大的志愿军战士致敬,02-19,4.9471177911541595,0.052882208845840495
liangc,5.0,很好看，哪特么那么多专业影评，作为一个普通观众，就俩字:好看！,05-07,4.946182872010336,0.05381712798966376
珍汐,4.0,实到一人，泪目,04-30,4.053857417067071,0.05385741706707137
SUNY??,4.0,比上一部有逻辑，有泪点，血量更多。,02-19,3.944628321398278,0.055371678601721985
小青,5.0,他已经完成了任务，留下了希望的火种，青年接过接力棒，哪里需要去哪里。,02-22,4.941728645351914,0.058271354648086415
天鹏,4.0,有哪场仗是不难的吗,04-11,3.941516896024161,0.05848310397583889
你找不到我的,5.0,最后还是不知不觉的湿润了眼眶～,03-14,4.930994526191073,0.06900547380892696
g1__,5.0,真好看！！比第一部更精彩呜呜呜呜,02-01,4.927275974248026,0.0727240257519739
大白兔奶糖,5.0,看1的时候，一直在心惊胆战，生怕下一秒就发刀子……原来刀子都攒在了第二部??   剧情是有不合逻辑之处，但没关系，部分情况下，我可以服从于情感。,03-29,4.927226244024318,0.07277375597568181
山竹教教主,3.0,刚看了长津湖，期待水门桥,03-24,3.073185798901114,0.07318579890111421
Gaga Yu,5.0,咱们就是说宣传祖国强大民族精神的为什么不给满分,02-27,4.922389028402447,0.07761097159755259
LaIslaBonita,3.0,缺了点什么 说不上来,05-01,2.9213725310302867,0.07862746896971329
雕刻时光,3.0,在拍什么,04-30,2.91304347826087,0.08695652173912993
1128,5.0,镜头画面绝了，好多血腥的场面，先辈不易！！,02-01,4.907223926448374,0.09277607355162587
白沙堤―露营,5.0,战争场面拍的很好,02-01,4.900057846261706,0.09994215373829363
爱玩的过路人,5.0,祖国的方向 新中国万岁?*。?(@ωA*)??*。,02-01,4.895104992078056,0.10489500792194395
乾乾,3.0,就，一般,02-06,3.104931127231233,0.10493112723123321
吴涟漪,4.0,尊重并熟知历史是件极其重要且必要的事。,02-28,4.115752312337069,0.11575231233706873
呼哟哟,5.0,哭得我稀里哗啦的,02-01,4.8838382967660525,0.11616170323394748
^,1.0,人有时需要通过痛苦确认自身的存在。我现在太他妈确认了。,10-03,1.129435331467307,0.1294353314673069
无人知晓,5.0,太好看了比长津湖更好看！想再看一遍！,02-01,4.865211359141486,0.13478864085851416
晓东,3.0,噼里啪啦一顿打。剧情弱,10-15,3.142361596574982,0.14236159657498204
来自哈雷彗星,5.0,这盛世如你所愿,02-01,4.857188715622483,0.1428112843775171
江水悠悠,4.0,不如第一部，情节过分简单，细节经不起推敲，甚至有点平庸无味。,02-02,3.8559688863555546,0.14403111364444543
Hi Friday,3.0,场面很大，噼里啪啦的炸，但拍的有点墨迹，慢镜头太多了。2022春节档第六弹，最后一部了。,02-12,2.840551459406509,0.15944854059349112
搜库,5.0,那有什么岁月静好。,02-01,4.836601714658981,0.1633982853410192
弱冠小忍者,5.0,“起来 不愿做奴隶的人们 把我们的血肉筑成我们新的长城”,03-03,4.830082953030278,0.1699170469697222
天马行空的生涯,5.0,觉得比第一部更好看，第一部稍微有些乱最后看哭了，伟大的志愿军战士永垂不朽,08-04,4.818775435426062,0.1812245645739381
safe and sound,5.0,相当不错，春节早早起床就是为了看这部电影，画面相当给力，。,02-01,4.809631657932316,0.19036834206768383
伊申一世,5.0,伟大的中国人民志愿军万岁，伟大的新中国万岁,02-01,4.808958721003597,0.1910412789964031
YaltaCon,2.0,徐克90%，但体验真的蛮差的，真的不好看，甚至不如第一部,02-06,2.1939766815920474,0.1939766815920474
盲忙,2.0,虽然一起拍的，但感觉还不如第一部，完全被炸晕了。,02-04,1.805840638623455,0.1941593613765451
人间本是修罗场,5.0,没想到战争那么残酷,02-02,4.804030981619129,0.19596901838087089
七枷社,3.0,为什么我看着炸桥过程这么糟心，完全没配合的感觉，你打你的，我打我的。,05-09,2.798401337157561,0.20159866284243888
风轻云淡,4.0,只能说有些情节有点夸张了，为什么伍千里被烧死，而伍万里毫发无损半天才活过来……战争比电影更残酷。,03-12,3.7914701144021214,0.20852988559787855
ZXDKZLM,4.0,大体挺好的吧,03-01,4.209041913027729,0.209041913027729
铅笔??,3.0,主题在那，万众期待但剧情有些地方说不过去,02-02,3.217495944800413,0.217495944800413
?,4.0,煽情宜适度，但不影响我热泪盈眶。,02-07,3.775179282063688,0.22482071793631198
橘子奶茶,3.0,第一部很一般，第二部更一般。博纳能不能别再拍主旋律了，浪费题材,04-30,2.775047613129462,0.22495238687053787
挑兮达兮,2.0,突突突都给我看累了。,02-05,1.7718085883216967,0.22819141167830326
赖仁泣,4.0,感谢。,02-26,3.7647058823529407,0.23529411764705932
门口好多树,5.0,今天的和平就是无数烈士的牺牲换来的，铭记,03-02,4.762420824604822,0.2375791753951777
橘子小aa,4.0,●7.5分●2022.05.02●钢七连。,05-02,4.258802828916536,0.2588028289165356
阿,4.0,2.4看的只愿和平,02-05,4.261646068086447,0.2616460680864474
骆驼,4.0, 梅生作为上海人，骨子里都是精致，出场就带着一块手表，这块手表最后到了万里的手里,02-02,4.274853705328519,0.2748537053285194
加菲,4.0,比上一部好很多。,02-02,4.274966641391563,0.274966641391563
粽人府,4.0,一群理中客，一群政治鬼。,02-05,4.281311429297985,0.28131142929798525
花小蕊,5.0,跟叔叔一起看的。,02-22,4.710639239020811,0.2893607609791893
joe104,3.0,桥，那经费不够吗？我看过的书面材料说柱子炸飞后，桥主体从天而降并搭建，没有达到想象中的震撼,02-02,3.292596623387309,0.29259662338730896
大银河,4.0,从头打到尾才是最真实的节奏吧,02-22,4.298460192892195,0.29846019289219505
木木,3.0,用命堆砌的胜利,02-02,3.3063094122659025,0.30630941226590247
vanvan,3.0,电影感太强了,03-01,3.3132252656908308,0.31322526569083076
酉命,2.0,挺费劲的。,05-14,2.320142753822097,0.3201427538220969
Rochest,4.0,断续看完,05-09,4.33216876976074,0.33216876976073983
蓝色多瑙河,3.0,也许是期望值高了，感觉一般般。,04-30,3.3341714928178607,0.33417149281786074
寻找跑龙套,4.0,最后站台报道的地方。。。哭,04-04,4.338320992597396,0.3383209925973958
还有阿拉闫,3.0,到底是为什么要炸这该死的桥,02-12,2.652044706648295,0.34795529335170494
豆豆评影,4.0,舍生忘死的进攻 换来了和平的空间 感恩,03-17,4.348984534296434,0.3489845342964344
看见,4.0,作为后辈，感谢先辈们的浴血奋战！！！,07-11,4.351034987838685,0.3510349878386849
李六岁的娃娃亲,5.0,七连全军就义只剩一面旗，万里能留下来全因为是大年初一。,02-01,4.63634982850434,0.36365017149566015
王祉乔,4.0,1950年 是新中国成立后的第一个虎年,02-01,4.364442843818436,0.36444284381843595
梦游仙境吗,5.0,片尾用千玺的声音来跟伍万里道别 用长津湖两部电影向先烈致敬,02-01,4.631430258269018,0.36856974173098234
拿卡利,5.0,特别好哭，为啥吴京每次都不能活过贺岁档??,02-01,4.616819669418966,0.38318033058103396
欧.尹,1.0,徐克第二十部。蚌埠住了，这玩意儿要是还不给一星那啥给一星啊。,06-02,1.3897424602574122,0.3897424602574122
秉心塞渊,5.0,比上一部好。“实到一人”时，热泪盈眶。,03-18,4.606869383703803,0.3931306162961974
安托万的造梦机,2.0,不晓得是我过于吹毛求疵还是确有其事，匮乏的战争场面与平庸的剧作让我很难不倍速...,06-12,1.6068170600214486,0.39318293997855136
Icilian,3.0,配乐太满了，而且有些位置用得情绪不对。,02-16,3.3972438945569055,0.39724389455690545
随心,5.0,故事线非常好，超级好看,02-01,4.602670356487131,0.3973296435128688
巴巴拉少校,2.0,把炮声当雷声可以好好睡一觉,02-05,2.403171030732401,0.403171030732401
胡纾,4.0,看场电影还真不容易，蹭的是文化馆所谓暑期电影。20230713,07-13,4.407146724453707,0.4071467244537068
土豆会开花,2.0,两星都给历史,03-05,2.4209275566916557,0.4209275566916557
木马骑士,3.0,最后还是让他们撤退成功了！,10-19,3.42196413822289,0.42196413822289003
染尘,4.0,他们的牺牲是带着祖国的尊严，是“此去泉台招旧部，旌旗十万斩阎罗”，我们的安定是带着烈士的遗愿，是“王师北定中原日，家祭无忘告乃翁”，,02-21,3.577399310339149,0.4226006896608512
行而不行随风,1.0,比较粗糙，剧情不好。,04-02,1.4519318016342435,0.4519318016342435
达乌里秦艽,5.0,小目标都完成了，桥炸掉了，但没完全毁掉，最终也没有能真正阻止美军撤退。但是战士们能因为这就不冲锋了吗？他们不会，哪怕拼到不剩一人，他们也要完成任务。他们的牺牲没有意义吗？不是的。,02-02,4.5459389763419535,0.45406102365804646
褓褓考面包,4.0,中国大陆,04-02,4.45487717034085,0.4548771703408496
读书下棋两不行,3.0,远不如能文能武李延年,02-02,2.5265027969109286,0.4734972030890714
太阳出来了嘿,5.0,“用我们的血肉 筑成我们新的长城”,02-05,4.526030294731296,0.4739697052687042
豆豆⑦号,5.0,每多看一分钟，我都多恨美国十分。,04-30,4.513500596119233,0.4864994038807673
兰,2.0,在打仗战术方面有点太蠢了的感觉，爆炸场景拍的太离谱了一点没有战略部署，思想动员，就是大场面硬整，硬煽情多好的题材拍成这样,01-05,1.5056891587845516,0.49431084121544844
一米立,4.0,致敬！,07-19,4.5,0.5
The Machine,3.0,凑合看吧 之后再去看看上甘岭 感受一下当时的精气神,05-02,2.4995160516031523,0.5004839483968477
Kek444,3.0,蛮爽的，蛮无聊的。在战争里，最厉害的兵是必死的。,03-04,3.507886346004811,0.5078863460048111
海绵宝宝,5.0,伍万里真的是见一次爱一次，续集也是非常精彩啊！！,02-01,4.491850844474606,0.5081491555253939
小郭,5.0,第二部太好哭了，新中国万岁,02-01,4.489620258026506,0.5103797419734937
张乙心,3.0,with cy 武戏太长且多，看得走神了,03-06,2.48904489761965,0.51095510238035
.,3.0,太刻意煽情了。。,02-10,3.5140383844644547,0.5140383844644547
alwayswithbm,4.0,战争本就是不义??,02-01,4.524002780587291,0.5240027805872911
苏九允,4.0,还是不错的,02-01,4.532061270031953,0.5320612700319529
张春[阿卡纳],4.0,还不错,03-14,4.532061270031953,0.5320612700319529
好多豆豆得友,5.0,平河呢？-他已经完成任务了。,02-01,4.459364197518618,0.5406358024813818
隽秀隽杰,4.0,没有冻不死的英雄，也没有打不死的英雄，只有军人的荣耀！,04-30,4.5431972778601715,0.5431972778601715
金豌豆,4.0,弟弟长大了,02-16,4.543524289786893,0.5435242897868928
萑莜,5.0,向志愿军致敬,02-14,4.452212222318851,0.5477877776811493
ccjd,4.0,比长津湖上半部好一些,02-28,4.55964352062684,0.5596435206268398
Uchiha_Sasuke,4.0,与上一部相比各有优劣，能找到些士兵突击+战狼+带动作戏的香港电影的痕迹。,05-12,4.565704790617531,0.5657047906175308
阅书观影2024,5.0,他们是最可爱的人。,02-18,4.42829092442253,0.5717090755774699
momo,2.0,两颗星全部给抗美援朝的战士们，雪是冷的，而血是热的，电影拍的真差…剧本生硬，台词尴尬，只有燃烧的经费，但是那个咬着女儿照片的军人还是很让我难过,02-11,2.5742894743205587,0.5742894743205587
momo,5.0,长津湖续集，更加震撼,02-01,4.421669696181585,0.5783303038184151
溯溯,4.0,感觉还行，但是再出我不会看了,02-01,3.4123404805659585,0.5876595194340415
拉拉西,4.0,惨烈,04-30,4.6,0.5999999999999996
豆狒,3.0,太长了，太惨了。,02-02,2.399920407332241,0.6000795926677589
mijin.x,4.0,第一次有了反战视角。非常好。,02-15,4.608120865692227,0.6081208656922268
Heandwe0811,4.0,四星的剧情，三星的观影氛围。,06-30,4.620683979912849,0.6206839799128492
=……=车梨,5.0,三炸水门桥，当第三次的时候，那种无力感令人窒息。片中对美军的描写确实过于幼稚主观，但这还是一部5星好片,02-14,4.372726650770418,0.6272733492295819
地黄,4.0,最难过的是牺牲了一个连炸的桥对敌人影响不大,05-24,4.632003633015826,0.6320036330158256
BBbighand,3.0,不如第一部 少的可怜的文戏让整部电影像cod一样只是突突突,02-02,3.640969262080901,0.6409692620809011
陌小九羽裳,5.0,个人感觉比第一部好看,02-01,4.357018084454422,0.6429819155455778
秦小皇影音疯刊,4.0,整体剧情很连贯，视听效果有所提高，也许是出于各种原因，国外演员选择太仓促，那些军官们演技实在是三流水平……,02-09,4.644466926615282,0.6444669266152818
2952,3.0,没第一部好看,02-01,3.654032466621855,0.6540324666218549
作风,2.0,煽得有点过了吧,01-29,2.6666666666666656,0.6666666666666656
影娱盘点君,3.0,有点冗长,05-13,2.3333333333333335,0.6666666666666665
海市蜃楼,3.0,7.8,05-06,2.3333333333333335,0.6666666666666665
小发条,3.0,太惨了，全程都在打打打死死死，看得好累啊，这个电影过年看感觉不吉利??,02-02,3.6745554916838854,0.6745554916838854
conwei,4.0,应到157人，实到到1人！一下子泪奔了,02-20,4.675217365463469,0.6752173654634692
李小壮??,4.0,朋友来了有好酒，若是那豺狼来了 迎接它的有猎枪！,03-30,3.320940018414817,0.679059981585183
Even,4.0,比第一步好一点,03-01,4.680631047773197,0.6806310477731969
ll,2.0,太失望了,02-10,1.316286168230441,0.683713831769559
come on 神来了,4.0,好片，特别是过于吵闹，看完后的的饱满,05-30,3.3058741086158467,0.6941258913841533
HaoLi,4.0,场面一如既往的激烈、爱国氛围浓重，抗美援朝实属不易～剧情还可以在加强一下,02-01,4.696575302533256,0.6965753025332564
豆友友658,4.0,长津湖续集 “七连应到一百八十人 实到一人”飙泪,02-25,3.294114077812107,0.705885922187893
永远热泪盈眶,4.0,七连很是威武。前辈的牺牲，我们时刻牢记,04-30,4.7101799506790965,0.7101799506790965
我去给你煮碗面,4.0,最后七连只剩一个兵的时候，眼泪还是情不自禁得下来了。落后就要受欺负永远没错。,02-01,4.713734445935328,0.7137344459353283
送月天明,4.0,此生不悔入华夏，来世还做中国人。,06-07,4.741239636738442,0.7412396367384417
纸月亮??,2.0,半小时之前简直悬浮的没法看，直到段奕宏那个角色牺牲才好点，吴京的演技是真的出戏啊，偏偏还狂给他装逼镜头，易烊千玺在这比满江红的歪脖大佐强多了,03-17,2.7427320165447555,0.7427320165447555
§-ｘīｎ,3.0,大初一的看这个哭的缓不过来啊,02-02,3.743101031399529,0.743101031399529
公无渡河,4.0,既然有两部，不如拍成8集短剧，每集一小时。,02-04,3.248428738542886,0.751571261457114
北北。,5.0,比第一部短一些，比第一部看的难过了些，比第一部更惨了些，第七穿插连应到157人，实到1人，我哭死了,02-02,4.2411688388184325,0.7588311611815675
Franklin,3.0,一颗星给比第一部强得多特效,02-02,2.237996695116688,0.7620033048833119
艺术设计君,5.0,新中国万岁,02-01,4.216263196436656,0.7837368035633441
freshtime,4.0,整体还可以，人物很鲜明。,03-08,4.786175390329639,0.7861753903296389
弹头2012,4.0,剧情流畅，有点夸张,02-25,4.794879233186767,0.7948792331867667
丢了,3.0,没有前一部好看，逻辑硬伤太多,05-08,3.7989910681999017,0.7989910681999017
Zoe,4.0,主旋律片子，前赴后继的英勇，还是可以让人共情的。,06-07,4.8041623443077714,0.8041623443077714
周日糖果,4.0,比上部好看点，战争从来都没有赢家。,02-01,4.805774610849368,0.805774610849368
麦麦,3.0,其实可以拍的更好。,03-10,3.8065936933924442,0.8065936933924442
胖丁,5.0,三炸三修，何其悲壮。新中国万岁！,02-01,4.189578852922766,0.8104211470772338
单数路人甲,4.0,一代人打了五代人仗，受了五代人的苦,02-01,4.816950050128302,0.8169500501283018
风雷,4.0,场面宏达，剧情合理,05-06,3.1769300536803544,0.8230699463196456
Liance,4.0,相比于第一步好很多.,02-10,4.837992597582453,0.8379925975824527
宇宙永远有星,4.0,躯体卷入深渊国魂长存世间,05-11,4.855158123406196,0.8551581234061958
潘老师,3.0,大制作,02-24,3.8649332496685815,0.8649332496685815
木匠小强,4.0,有进步，对于战术的拍摄又有点太武侠了。希望战争片多听军迷的声音和意见。目前没有突出指导员的作用。,03-03,4.866538448753792,0.8665384487537917
玉生烟,4.0,2023/01/02 战争结束后点名，“第七穿插连，应到157人，实到1人！”,06-22,4.8689882610085,0.8689882610085
双子叶,4.0,刚在电视上看完金刚川，也是炸桥，是美国飞机炸桥，中国修，反复炸反复修，中国修桥拿人上，死挺惨。水门桥是中国炸，美国修，美国修桥拿技术上，差距太大。,02-16,4.8734531706270365,0.8734531706270365
柠檬的颜色,3.0,为什么觉得有一段配音怪怪的，录音室效果好明显，是我错觉吗,05-13,3.87506428603478,0.8750642860347799
此人坑人无数,4.0,为志愿军战士加一星。,05-06,3.12442530882588,0.87557469117412
来自小城日照,5.0,伟大的革命先辈万岁！！,03-04,4.123834696597045,0.8761653034029546
周纸弱,4.0,夸一下水门桥的妆造，神仙级别的，特别是朱亚文的战损妆，那肿起的眼睛，干燥裂口的嘴唇，非常真实，看着就疼。,02-02,4.876780987338589,0.8767809873385888
二十一杯酒,4.0,看完还是很不错的,02-01,4.878256303792521,0.8782563037925213
??,3.0,比长津湖1好看点，1压根没耐性看下去，只想拉进度条。,08-03,2.1196559831639368,0.8803440168360632
娱乐圈梗姐,4.0,向每一位抗美援朝志愿军致敬！七连应到157人，实到1人，直接泪奔了！,02-05,4.887396931829202,0.8873969318292021
呼呼,4.0,没有亲历过战争炮火的人没有资格说三道四。平河牺牲那段不敢再看第二遍，太惨了,05-01,4.88984483530384,0.8898448353038404
二果子,4.0,致敬最可爱的人,05-02,4.896883146458942,0.8968831464589417
渔子歌,4.0,惨烈 决绝 冰与火 血与泪 ,06-22,4.902983068212012,0.9029830682120119
蓝猫淘气,4.0,我只想说，人民英雄永垂不朽。,05-05,4.9035107892899585,0.9035107892899585
天欲雪,4.0,和爸妈在电视上看了一半，另外一半平板补全服化道太真实了每一位抗美援朝的先辈都是英雄,05-13,4.91205397569189,0.9120539756918902
雨落清晨,4.0,打戏太多了，全都是战争场面，而且感觉每个人的死都是为了死而去死，有点缺乏文戏，伍万里的成长体现的不是太充分,02-09,4.9232394358546845,0.9232394358546845
豆影,4.0,跟第一部一样精彩，全程没有尿点，战争场面拍的很好。,03-10,4.926854227818756,0.9268542278187564
静以修…身,4.0,IMAX震撼感人,03-02,4.9395750090631205,0.9395750090631205
xxx,4.0,美军设备好，但我军不畏牺牲智谋高！,02-12,4.94062962174697,0.9406296217469698
Duuuuye,4.0,先辈的血泪和资本的利爪,05-05,4.942185691387365,0.9421856913873654
Walder Frey,3.0,就开头还行，炮营爱了,02-01,3.942540257932951,0.9425402579329512
白丁陈韦同,4.0,对比长津湖，好了太多。把一场战斗说清楚，总归比说一个战役要好的多。,05-18,4.949135933095927,0.9491359330959268
@花皮球@,5.0,不忘历史！,05-05,4.049252531645758,0.9507474683542423
艾小柒,4.0,那个年代的人真的靠信念，勇敢而又伟大。,07-11,4.951925921843939,0.9519259218439391
跃,2.0,爆爆爆，最后素然无味,06-01,1.0463825951512327,0.9536174048487673
橘柑云乌,5.0,新中国万岁！伟大的人民志愿军万岁！！,02-02,4.046108664830934,0.9538913351690663
Blackparade,4.0,扬我国威,02-16,4.955634108550351,0.9556341085503508
方糖甜心,4.0,明知百死一生，亦无悔前行。,02-24,4.957014570903544,0.957014570903544
Msdj523684kj,4.0,感动来自于 对 个人 集体 国家 民族 的触碰和整理,06-14,4.957242372418486,0.9572423724184862
嗯额,5.0,特别好，就是我特别特别想你哭死我了，太惨了，太惨????????,02-01,4.039130249808671,0.9608697501913293
iSha,4.0,没经历过战争的我们是幸运的，同时也是脆弱的。,05-01,4.963460430796713,0.9634604307967134
图灵莉莎,4.0,这真是一个很难很难拍的电影啊。以及，这部比上一部又更血腥了。,02-09,4.9654548398547265,0.9654548398547265
不笑,4.0,已经流不出一滴眼泪，但不知道叹了多少口气，五脏六腑都要憋爆了。――2022.2.23看完,03-03,4.968648594141257,0.968648594141257
稀里哗啦,4.0,这段历史值得铭记,02-07,4.972213148218083,0.9722131482180831
吕小刚,4.0,bp了几天视频会员，正好看了。比前一部好些，但还是有些毛病。敌机来袭，战斗指挥员下令分散隐蔽，战士们还慢条斯理回头去看？？？这是想表现个啥,05-06,3.027068810093264,0.9729311899067361
W_H-L,4.0,特效和制作可以 除了四字弟弟全员be很感人 但缺少故事线,02-01,4.973885802960674,0.9738858029606741
暖。,4.0,我很爱国，我也铭记历史。但是这种不太有剧情的主旋律是真不想老了。,02-02,4.975405169661878,0.9754051696618777
蓝色大门1943,2.0,和第一部一样，实在太长了，看得快睡着了，无效煽情能不能砍了,04-10,1.0227474301864854,0.9772525698135146
网瘾中年陈博士,4.0,承接了第一部，每个人物在第二部都有升华，比第一部要好！,04-14,4.977537551479266,0.9775375514792657
沃伦・芒格,4.0,水门桥雪夜行军没有打不死的英雄挺感人的,05-04,4.9779979474669,0.9779979474668998
式微,4.0,这是七连的冰与火之歌，这是吴京的《战狼4》~剩下的一切尽在不言中~,02-07,4.979104392618522,0.9791043926185221
大丸子,4.0,相比第一部这部显得更独立简单，看完之后总感觉少点什么，有些画面过于血腥并不适合低龄儿童。,02-01,4.981661652735749,0.9816616527357489
绿色巧克力,4.0,很多瑕疵全程打，没有起伏，音乐衔接不好，例如刚刚煽情完，又来个悲壮音乐……总的来说，也许是这种战役不适合电影？有一点流水账式叙述多一星给志愿军什么时候中国才能拍出具有史诗感的战争片啊,02-06,4.98238283148377,0.9823828314837701
小医僧日记,4.0,兰晓龙，钢七连在《我的团长我的团》孟烦了的眼中出现，在《长津湖》伍万里的眼中涅，在《士兵突击》许三多的眼中消逝。还请你告诉我，更多关于他的故事…,05-21,4.986026207719954,0.986026207719954
故人长绝,4.0,M屏的热血爷们儿让我满眼的泪水,03-03,4.9887603921424155,0.9887603921424155
Keith Lee,4.0,杜比影院，140分钟狂轰滥炸，视听盛宴，拍的比罗兰埃默里奇的《Midway》好。兰晓龙编剧就是质量保证，士兵突击前传毫无违和感。一只猛虎钢七连，全员阵亡，留了一个易烊千玺纯属是照顾观众感受了。,02-02,4.98976177097475,0.9897617709747504
阿鑫.,4.0,"最后报数时突然想起许三多是钢七连第4956个兵,一个个数字,多么有魅力.........",02-01,4.99083330821248,0.9908333082124798
花开莫与留年错,4.0,先辈们的用生命守护了国门，向他们致敬,06-13,4.99188459661006,0.9918845966100598
黎明名,4.0,千里燃烧自己温暖弟弟的情节设计的真得很好,04-30,4.994374596604766,0.9943745966047661
橘猫爱吃鱼,4.0,“七连应到157人，实到1人”，直接泪目，太惨烈了，致敬英雄！,03-02,4.994533264680719,0.9945332646807188
老符,4.0,剧情比长津湖聚焦，但其实也没说啥，看完希望没有战争吧，反战的元素还是表达的蛮好的,02-02,4.995554162199088,0.9955541621990882
神龙斗士,4.0,任何一部电影也无法表现战争的惨烈,05-08,4.996347140690357,0.9963471406903572
phoenie,4.0,感觉水门桥的节奏感没有长津湖好。很燃很感动，这种片子其实总能看出一丝反战意味。,07-04,4.996543679478695,0.9965436794786946
傀。,4.0,看起来比长津湖流畅，个人觉得比长津湖好。平河牺牲那段是泪点。“第七穿插连应到157人实到1人”破防,02-25,4.997635305595251,0.9976353055952512
??Lim,4.0,整体看完感觉还行吧～前面没有太强烈的热血沸腾的感觉，战争太惨烈了。就是最后伍万里报告的时候，给我整破防了…..,02-02,4.998396884645235,0.9983968846452349
局外人,4.0,韩东君被坦克反复碾压的时候，我的心也被碾压了这个电影拍成系列了，不错,03-10,4.9989791233882634,0.9989791233882634
桎火,4.0,5.9[视]春节档，三导演变单导演，华语影史炸碎人体最慢速镜头。中期万里戏份突然加量，差点使我忘记ta是主演。七连九连越往后牺牲越多节奏放缓，徐克懂吴京装逼反装逼，个别特效较差，任务完成,05-10,4.999275741133509,0.9992757411335091
LeoI,4.0,感谢革命先辈们给我们创造了现在幸福美好的生活,03-01,4.999277771204627,0.9992777712046266
陌上谜鹿,4.0,比第一部好多了，文戏挺煽情的，尤其是那句“新中国万岁”，战斗牺牲场面很震撼，也很真实，真的是战至最后一人，九连干脆就打没了，战术布置也有了，但李延年珠玉在前，面对美军重火力抱团冲锋，零下40度迫击炮从未哑火，战士直接把缴获的电台打掉，连长时刻缺失在指挥位置上等等小毛病还是无法完全满意,02-01,4.999344308770498,0.9993443087704978
麦提爽,4.0,各方面远不如第一集，还是太仓促，导致续集没故事可讲，只剩打的惨烈，配乐也太过充实，动作场面节奏不太顺畅。但制作这个系列本身也是一场“战争”，能做到完成度很高就不容易了。,02-04,4.999346517505671,0.9993465175056713
不常上线的熊猫,4.0,散场的时候，坐着听片尾曲。有一句特别好，它说我“记得我曾来过，我爱我的祖国。”没打满分是因为后面煽情还可以更自然一点。比起第一部，哭点多了些。都值得一看。,02-14,4.999361375003177,0.9993613750031773
若轻,4.0,突突突大场面很多，文戏有点看不进去，导致观影过程中我的悲伤情绪大部分不是源于爱国主义情怀而是小家小爱，当然两者没有谁比谁更高贵，就感觉编剧和导演可以做的更好吧。,02-01,4.999515277975849,0.9995152779758492
Eleanor,4.0,自己人越打越少，美国军队一直都在增援，且武器装备精良。听到七连报到“应到一百五十七人，实到一人”哽咽，瞬间破防。,06-09,4.999554446222756,0.9995544462227564
千纸鹤,4.0,论用镜头讲故事的能力，不得不服徐克，镜头运用炉火纯青，将战争的残酷和战士们的坚定表达的淋漓尽致。,02-01,4.999613662678149,0.9996136626781489
苏大熊,4.0,如果觉得故事单薄，就去看第一部。如果觉得人物不丰满，就去看第一部。如果觉得动机模糊，就去看第一部。作为续集真的是完美的答卷（排除所有的静止镜头）。谁说我们没有英雄主义，我们每一个人都是历史的答案。,02-28,4.99961518964015,0.9996151896401502
火锅小年糕,4.0,任何成功或失败的战役都是有意义的。背景交代得不是很清楚，人物刻画不够饱满，但水泵和最后那几段挺好看的，总体来说还不戳!我哥看电影之前剧透骗我说最后只死了一个人，我满怀期望看到最后????????,02-02,4.999619721244203,0.9996197212442031
月兔Micaela,4.0,最好的观后感:我会很珍惜很珍惜今天的生活。,02-02,4.999639924456585,0.9996399244565852
切切,4.0,万里能活着，是因为大年初一。唉，战争残酷到难以面对和承受,02-02,4.9996481562991715,0.9996481562991715
EMEC,4.0,对我个人来说观影感受还是情怀和感动占了上风吧，看到有影评说得很有道理“想了解一段历史应该去看书而不是商业片”,05-04,4.999655024066323,0.9996550240663229
张博,4.0,在装备极其落后的不利条件下，志愿军做到了世上其他军队难以做到的一切。影片比较真实地反映了当年美军在空中、炮火和装甲方面的巨大火力优势，而我们的志愿军前期只能依靠轻武器与之抗衡。那些为了祖国和平安宁牺牲在朝鲜半岛的英雄们永垂不朽。,02-15,4.999695675866905,0.9996956758669047
Sunny,4.0,平河舍身炸坦克部分最感动，致敬英雄。,02-14,4.999778996643162,0.9997789966431618
潇蔚,4.0,必须致敬！此战用1.0版本对抗3.0版本的殊死血战，打出一个二战以来相对和平的地缘政治，持续了五代的国际地位与发展空间。,05-12,4.9998801981693255,0.9998801981693255
momo,4.0,和第一部相比，更加主旋律，更加主角光环，演的痕迹更重。但却不妨碍我从头哭到尾。因为：他们是军人，但的确也是儿子、是父亲、是丈夫、是家里的顶梁柱。看着一个个生命消逝，太难过了。,02-17,4.99995156302055,0.9999515630205504
刀口君,4.0,整体观感挺好的，这本来就是历史改编，大结局改不了，与爱国绑架无关，这是部优秀的战争片！,04-30,4.999975125763433,0.9999751257634326
学术外围男,4.0,可能是因为剧情聚焦，相比上一部节奏混乱，武侠战争混搭要好很多，能体现出美军的装备精良和我军的精神伟大，而且也没有辣眼睛的武侠，出格的动作戏,02-01,4.999976643280027,0.9999766432800268
往返银河,4.0,题材很沉重 演员阵容强 整个电影给人的震撼力和后韵都很足 ,03-02,4.999978354001463,0.9999783540014633
霖,4.0,看完啦，和上一部相比，情节更加连贯，加入了“反战”的主题，视角更加的国际化一丢丢。战争场面没有太多的惊喜，我方高层视角舍去……总之，我更加喜欢这一部一丢丢。但是，好像身边的人不完全是这样认为 ,02-01,4.999980321030551,0.9999803210305513
大隐隐于市,4.0,看到结尾伍千里的牺牲和伍万里的生还，突然想起千里到家乡见父母见万里的那个早晨，仿佛是在昨天，却又已跨过了生死。,02-28,4.999982913888576,0.9999829138885756
函数其,4.0,平河原来有这样的秘密啊，真是没想到，这一幕看似是忏悔，实则更像是一种告别。,02-01,4.999983674600669,0.999983674600669
可惜我找不到自,4.0,片子不说，我们的军队绝对是一流军队。致敬，看的他们两个从山上下来，在坦克下真的感动泪目,02-01,4.999985764406613,0.9999857644066132
Ciel4,4.0,“一声霹雳一把剑，一群猛虎钢七连；钢铁的意志钢铁汉，铁血卫国保家园”。实力才能捍卫尊严与和平。不会忘记。 自强不息。,05-27,4.999989762828866,0.9999897628288661
大白,4.0,人海战术只占小部分真的太好了，看着满屏的人，我心里想的都是盲丢都能炸翻一窝。当初几百人的葡萄牙军队能灭掉几万十几万的印第安人靠的就是装备碾压，导演一天天的想啥呢。 这回大部分时间都是小团队特种作战，很刺激。叙事逻辑比第一部更有条理，详略比第一部更得当，虽然靠运气的情况比第一部更多，但也不会太突兀，不懂为何这部评分更低。看到有的评论说不满把美军降智了，我在此希望大家想一想：美军装备精良度远超志愿军的前提下，朝鲜战争还打输了，如果不是因为轻敌到降智的程度，难道是因为他们真的就是脑残？抑或是共军真的有高达？,02-02,4.999992186287113,0.9999921862871126
清然,4.0,    很适合去影院看，视效音效很好，林超贤的电影战争场面都一流,03-02,4.9999927782479805,0.9999927782479805
一ben假正经,4.0,这叫什么主旋律呢？主旋律是用来宣传的，而这是一段真实的历史…不说应该，只是希望每一个人都可以铭记它…不要忘记那些十几二十岁就献出宝贵生命的先辈们，可能不是为了你个人，但确实是换来了如今的我们…这种舍身取义，我做不到，但不否认有人可以做到，他们叫做英雄，值得被铭记！,04-17,4.999992929113577,0.999992929113577
zep,4.0,宏大史诗，战争戏不如第一步，人物描写比第一部好些，特别是千玺特别出彩，某些桥段过于套路和主角光环，看着有些尴尬,05-05,4.999993973665141,0.9999939736651413
鹿知山,4.0,一个导演画风统一多了 倒叙的方式也很徐克 只不过两个小时的高潮后劲特别疲惫 炸桥找了个寂寞有些寒凉 平河炸坦克那个画面应该能留存很久,02-21,4.999994996099365,0.9999949960993648
程莎莎Abigail,4.0,人民英雄们永垂不朽！ 现代化强军很重要！没有武器，没有装甲部队，没有制空权的战斗再也不要了！虽然说战斗意志很重要，但是军事实力之间的差距用人命是永远都填不满的！为军人们的牺牲心疼不已！泪如雨下！,02-11,4.999996192763157,0.9999961927631569
手机用户6557,4.0,相比于长津湖的刻意煽情，水门桥中第七穿插连应到一百五十七人，实到一人，是真真实实看哭了我。相比于长津湖的拖沓，这一部故事性更强，开篇即开战看起来也更紧张刺激。,02-22,4.9999981902819455,0.9999981902819455
世界在此定格,4.0,真实的战争比电影里还要残酷，向先烈们致敬！看着如今我们的歼20，想象当年志愿军在雪山沟壑中被美军战机当老鼠一样清扫，心中无限遗憾。,02-26,4.99999828621633,0.9999982862163304
小山chow,4.0,没有冻不死的英雄，没有打不死的英雄，只有军人的荣耀。水门桥旁边的一排粗壮的排水管真是神来之笔，演员的妆容更加真实（尤其是朱亚文的）。伍千里用燃烧的身体苏醒了伍万里，这就是一种传承，整部电影在这里得到了升华！,03-02,4.999998750307633,0.9999987503076326
走马醉千钟,4.0,中国人向来是喜欢大团圆结局的，同时相信努力奋斗牺牲就一定会有个好结果，但当这种深镌于民族基因的期待被现实打破，现实的残酷性和电影的艺术性就再上了一个档次。,04-30,4.999999084868408,0.9999990848684082
公子无忧,4.0,敌军好像卧底。但，致敬英雄，用血换来的和平。水门桥连修带炸，让我们看到了在那个时代，国家之间巨大的差距。值得骄傲的是，我们赶上来了，而且还超越了。,02-13,4.999999366124031,0.9999993661240314
快乐时代,4.0,完整度比第一部高很多 徐克把电影创作成英雄主义精神 文戏和武戏之间也更加顺畅 但故事依然讲的太长了 毕竟动机和矛盾并不多 没有必要在三的在双方阵营中切换 不过最后的收尾依然悲壮惨烈气壮山河 但在电影语言中 不是只有滚动字幕这一种苍白无趣的表达 饱满的情绪和镜头已经把一切推向了高潮,06-02,4.999999607190958,0.9999996071909578
LITTLE_MO,4.0,如果不较真思考……boomboomboom效果蛮好的不过文化软实力也是实力……没有公正客观的责任……美国是怎么给大伙儿塑造自己二战功劳最大的错觉的……加星鼓励一下，更精细就更好了。,02-07,4.999999640062184,0.9999996400621836
阳光的微笑,4.0,正是因为有那些勇于冲锋甘于奉献不畏牺牲的英雄才能有如今的和平年代，战争场面和整体观感比第一部要好。,05-07,4.999999645243191,0.9999996452431912
白芋糖,4.0,2022年第一部过审的电影。虽然有预期，但还是感动落泪了。很多画面很有徐老怪特有的魔幻感，只是故事细节上偶尔会缺逻辑。,03-07,4.999999770794867,0.9999997707948669
小水滴,4.0,比上一部好看，也确实很惨烈，战争戏很出彩。但总感觉不够动人，个人感觉战争片真正打动人心还是要拍人性。，文戏部分可以做的更好一点。,02-01,4.99999988523094,0.99999988523094
防晒霜,4.0,美军残暴战争残酷战斗残忍，和平难得而不可得，致敬英雄，超越生死。,04-30,4.999999916437382,0.9999999164373818
知行,4.0,"确实太苦了真的太苦了 四星给抗美援朝的英雄们 但影片本身没有令我着迷的地方。但可以看到的是技术上的进步。我听到的太多是""所有人就地隐蔽不许开枪""强弱悬殊上面机械上的优势被反复扩大。飞机打子弹下来的时候肉体顷刻间灰飞烟灭。器械上的优势形成难以逾越的鸿沟，物资的匮乏，寒冷的天气都在摧残着他们。影片的中段朱亚文饰演的指导员回忆起妻子和女儿，也是青春年少干净纯粹的模样，但镜头一转他已经饱经风霜。一代人经历着五代人的痛苦，一个""我们不打他们就得打""我不晓得他们那时候的人是怎么坚持下去的 如此严酷的环境。对手在环境 武器 物资上都远远超过他们的时候，是怎么抱有必胜的信念。",05-23,4.9999999728403495,0.9999999728403495
洪山热巴????o・,4.0,7.5分吧、场面宏大、技术方面过关、几个s亡场景的慢动作也不会显得特别假、这个特效武器场面一看就比长津湖进步了不少，情节也比长津湖丰富了一些，没有将美军刻画成无脑敌人，那个一直在水泵房躲着的漂亮国军人也是很行，最后那句第七穿插连，应到157人实到1人pdf了，不过说这话的四字表情有点怪，说不上来，可能是想演倔强？反正他的电影电视剧最好的演技还是笨小孩…还需要努力不过也是比很多人好多了…整部电影好心疼梅生的眼睛，呜呜呜,05-21,4.999999976772691,0.999999976772691
Vicbourne,4.0,对于《水门桥》的“含京量”很满意，各种英雄之举，情绪也饱满到位，还有小顽皮。老段很有光彩，嗑“死鬼CP”的可以支楞起来了～～～但片子本身很平庸，战争结局拍得很差劲，不过，结尾处两段文戏对于情感升华还是很有效的。总之，7分左右吧，手紧点儿就及格，手松点儿可以够到良好。看在“含京量十足”的份儿上，多给一分也是可以的～～～其实应该三星半，多半星都给京哥！,02-01,4.999999980878334,0.999999980878334
小兔兔哥哥,4.0,最后的主角光环，和炸桥方式不适合这样的片子。其他都还好。先辈用生命换来的和平，让我们才可以在这上网，看电影，平静的生活。可依然有些人被洗脑式的以反战为名在反对这场伟大的保家卫国战争。人民英雄永垂不朽！中国人民志愿军永垂不朽！,04-29,4.999999982539252,0.9999999825392516
游侠,4.0,战火的硝烟，无声的回忆，把全部人打光也要完成任务的勇气和决心……好吧，迟早的事！新中国万岁！PS：最终美帝还是依托强大的工业和技术领先性，搭桥走人，遗憾的告诉我们，想要打赢，就得靠实力，过去一样，现在仍然一样！奋斗吧，吾辈继续着…,04-30,4.999999996591353,0.9999999965913533
momo,4.0,致敬先烈。千玺真的太好了，结尾寥寥几句台词，几段特写表情，给我哭得稀里哗啦。整体比上部好很多，少来一些慢镜死亡回放会好很多。整体来看，上下部一起全景展现长津湖战役，算是中国电影对先烈的祭奠吧。,02-01,4.99999999666103,0.99999999666103
Yiannis,4.0,不论是武侠片，还是主旋律，徐克始终有自己的电影语言与表现方式，而这套体系是超越题材本身的。抗美援朝的战士们本就是英雄，而徐克用自己的方式，将这些英雄塑造成了带有侠义之心的传奇人物。3月10日，13:15-15:45，王府井横店影城。,03-10,4.999999997153675,0.999999997153675
路逍遥,4.0,画面依旧宏大，很悲壮很惨烈，只能说太惨烈了，场面很真实血腥。可能也正是太过真实，导致我完全不想哭，看完只剩揪心和感慨，战争真的太残忍，现在我们不屑一顾的生活却是先辈们不顾一切的向往。,02-05,4.999999998973052,0.9999999989730517
dvlyc,4.0,上下部合起来就完整了 中间就猜到只有伍万里幸存 整体不错 战争场面很扎实 没有过度煽情 上部一路顺风 主角光环 下部困难重重 举步维艰 结尾起音乐有点仓促 致敬保家卫国的战士们 希望中国能拍出更多优秀的战争片,04-27,4.999999999091363,0.9999999990913633
ZYX1607,4.0,比长津湖好，这次风格统一了，毕竟直接变成徐克导演，而且也没有出现结尾莫名其妙的戏份，这次结尾还升华了点。水门桥的剧情更加简单粗暴，概括起来就是炸桥，打戏不断，高潮不断，看得还是爽的，武戏为主，文戏就忽略了。有人会问美军怎么拍得这么弱智？那我还是要说他们本来就又蠢又傲慢，不然怎么优势明显的情况下输掉战争的呢？不过毕竟敌我差距悬殊，牺牲是难免的，影片里志愿军们的牺牲都悲壮，可惜没有让我落泪，可能氛围弱了点再加上我早就知道他们会牺牲了吧。,02-01,4.999999999167635,0.9999999991676347
19770305,4.0,我以为红海行动拍的那些细节的场面已经够了血腥，没有想到这部剧直接把人体炸飞的也拍出来了，平河死的时候哭死了，余从戎死的时候又哭死了，千里死的时候虽然没有哭的很厉害，因为我以为他至少留了个全尸，结果……战争真的太惨烈了，珍惜和平的年代吧。如果再少一点紧张时刻对视，少一点点煽情不是不允许啊，是再少一点，少一丢丢慢镜头，以及最后千里在桥上那一块能够改的稍微再真实一点，我会给5颗星，不管别人评价如何。这部比上一部战争的镜头更多，对我来说我是更喜欢的，但我仅限于看战争片，不喜欢战争。,02-02,4.999999999646996,0.9999999996469962
光影一路同行,4.0,比上部好看许多。总算称得上一部完整的电影。比起战争史诗，影片更靠近个体与一场战斗故事。七连众人都迎来结局。其中算出彩一点的数韩东君的平河。比其他几位老油子总多点纯粹味道。最喜欢最后万里倚在哥哥的遗体旁也冻成冰塑，兄弟俩在喷火器烤炙下随融水漂走，千里燃烬，万里苏醒的设计。,02-09,4.999999999956659,0.9999999999566587
赵哈哈,4.0,在我心里，没有一部电影可以拍好朝鲜战争。电影一方面太浓墨重彩，一方面又太过苍白，不论如何都很难重现70年前那些轻描淡写又重如泰山的牺牲。看到某些场面可能想说太夸张啦！但曾经有比这更夸张的；有些场面想说太单调了，但现实比这些还要苍白。但不管怎么说，都还是庆幸有这些描写朝鲜战争的片子，至少他们可以提醒一代又一代的中华儿女铭记这段艰难的时光。,03-03,4.999999999975145,0.9999999999751452
居无间,4.0,徐克上手，战争戏拍得比上一部要细致，包括战略部署，与步步攻坚的过程。伍千里的两次动作戏，连续的飞身跳跃、挎着钢板下滑，最能体现导演的武侠风格。徐克也是技术控，雪与火的特效都有升级，印象最深的是，他详细展示了战士们形消骨灭的过程，最大程度渲染出了战士牺牲的悲壮与战争的残酷。,02-02,4.999999999999811,0.9999999999998108
aoni,4.0,微缩模型让我出戏了，而且最后伍千里炸桥，导弹都扔缝里了，美国军官怎么还要娱乐一下，不知道主角有主角光环的吗！但是总体还是非常不错的，我坚信战争比这更惨烈，我也坚信真正的战争里，有主角知道必胜结局一样坚定的信念。还有呼应了第一部伍千里带着伍百里带着骨灰回来，真的流泪了。,02-02,4.999999999999952,0.999999999999952
印月无痕,4.0,比起第一部差了剧情，特效也差了很多，煽情太刻意了，反倒不美。最后的炸桥结尾太过魔幻，还不如使用更真实一些的剧情也许更好一点。让大家知道战争的残酷与生命的脆弱，了解先辈们的艰辛奉献，培养爱国情操都没问题，拍得魔幻了，反而会让年轻人以为只是电影而已。总体三星，为了钢七连，多给一星。,02-26,4.999999999999991,0.9999999999999911
me,4.0,《长津湖》真的在鼓吹战争与牺牲吗？从性质上看，抗美援朝属于保卫战，而非侵略战。非常多的暴力画面与惨烈的牺牲，而不是赋予所谓的革命浪漫色彩，正是对战争残酷的正面表现。从视点来说，电影并非只展现解放军一方的牺牲与悲痛，美军士兵也有相关情节表现（即使不多）。这么多的牺牲，既是纪念与缅怀，也是警醒。战争永远是最后，最不得已的选择。,05-21,4.999999999999995,0.9999999999999947
本来老六,4.0,一九五零年的那个冬天，如此寒冷，百里，千里，万里，无数这样的战士，万里赴戎机。《长津湖之水门桥》犹如画龙点睛，烘云托月。整部电影都如夜空中最明亮的星星，都像孤高悬于苍穹的明月。我们的战士面对的甚至不仅仅是寒冷饥饿，还有“桥修好几次，我就会炸几次”的“不破楼兰终不还”。超高速摄影机最让我震撼的还不止是那些飞机大炮，而是在演员身上燃烧的，真的火。看着战士战斗，看着战士牺牲，看着战士一步不退。真的，一切都如此是真的。片尾曲《雪花》响起的时候，让人联想到到七连的战士都真的画作了雪花，他们永远都回不到祖国，又就此和祖国永远合为一体。新中国万岁。我的身后，是祖国。银幕之上，是那些战士不退半步誓死保卫的祖国；银幕之上，是那些战士曾高呼万岁，现在轮到我们继续万岁的祖国。志愿军先烈万岁。祖国万岁。,02-01,4.9999999999999964,0.9999999999999964
血牙,3.0,力不从心。,02-02,3.9999999999999996,0.9999999999999996
MIGO,4.0,列兵许三多，你必须记住，你是第四千九百五十六名钢七连的士兵！列兵许三多，有的连因为某位战斗英雄而骄傲，有的连因为出了将军而骄傲，钢七连的骄傲是军人中最神圣的一种！钢七连因为上百次战役中战死沙场的英烈而骄傲！列兵许三多，钢七连的士兵必须记住那些在五十一年连史中牺牲的前辈，你也应该用最有力的方式，要求钢七连的任何一员记住我们的先辈！列兵许三多，抗美援朝时钢七连几乎全连阵亡被取消番号，被全连人掩护的三名列兵却九死一生地归来。他们带回一百零七名烈士的遗愿在这三个平均年龄十七岁的年轻人身上重建钢七连！从此后钢七连就永远和他们的烈士活在一起了！列兵许三多，从这个意义上来说，我们是活在烈士的希望与荣誉之间的！列兵许三多，我们是记载着前辈功绩的年轻部队，我们也是战斗的部队！,02-01,5.0,1.0
掉线,4.0,战争场景比1更真实，细致还原了水门桥战役里，我军是如何每个在冲锋陷阵中拼死一搏的。徐克不可谓不“狠心”，上一部里被构筑出来的高光角色，这一部以各自悲壮的形式告别，被坦克碾压的平河，雪山顶灰飞烟灭的从戎，被子弹射穿的千里...但最让人动容的仍是万里这个角色，在并肩作战的过程里与七连结下生死的情谊，却又眼见每一个人离开自己，不只是家国情怀的动容，也是一个少年在战争下所不应承担的，痛苦的成长。,02-02,5.0,1.0
不良生,4.0,1.从宏大的叙事，到稳准的场面调度，从海、陆、空的全景呈现到重机枪、榴弹炮弹、迫击炮各种逼真武器的还原，是电影的“形”。 从故事推进、动作呈现到人物性格和成长饱满度的刻画，于精细处雕琢，是电影的“神”。一部战争类型片能做到形神兼备，很难得。2.吴京一跪、易烊千玺摸脸杀，最后他“带”他回家，戳心。千里万里，情义升华。电影武戏紧张淋漓，文戏细腻徐徐，张弛有度，燃且飙泪。3.片中尾声一幕让人动容――众人站定对着皑皑雪山望去，一轮红日拨开惨淡云雾升起，他们向着祖国的方向敬礼，衷心念道“新中国万岁”。他们来过，燃烧过，绽放过，为祖国。便明白这部电影在春节档的意义，今世人团圆万家灯火，更应念记前人栽树功绩，也就更懂当下和平世代来之可贵。,02-01,5.0,1.0
虎虎,4.0,They are from everywhere,02-02,3.0,1.0
南O^,4.0,7.0,02-07,3.0,1.0
卡夫卡的小屋,4.0,比第一部的观感好很多，人物、情节更加集中，时间线更紧迫，任务更加明确，我军需要在敌军援军来之前炸掉水门桥，七连被分成四个小分队分别进攻美军，配合得很好，达到了以少胜多的效果，不像第一部见了人就打，终于有点战争艺术的感觉了，战场上真的是讲战略战术的，而不单是靠主角光环。反派角色美军形象也比之前强得多，起码想到了设置陷阱，虽然指挥部糊里糊涂被轰，指挥官被误杀，但这不正是战场上的真实情况吗？永远都有想不到的事发生，也永远都可以靠坚强的意志和聪明的头脑获胜。我相信在真正的历史里，抗美援朝志愿军战士们，比电影里展现的更伟大，他们英勇的事迹永远被铭记。他们是我们中华民族当之无愧的英雄！,02-28,5.0,1.0
momo,4.0,230308.(J),03-24,3.0,1.0
枫林渡,4.0,简评：英雄群体三炸水门桥。剧情：讲述志愿军第七连战士们在结束了新兴里和下碣隅里的战斗之后，又接到了更艰巨的阻击任务的故事。类型：历史战争片，由徐克执导、兰晓龙、黄建新联合编剧。影片以抗美援朝战争第二次战役中的长津湖战役后期的水门桥战役为背景加以改编。表演：以吴京、易烊千玺为代表的明星全体精彩完成了英雄群像的塑造，展现了志愿军英勇无畏的战斗精神。其他：影片战争场面依旧宏大，故事情节紧接长津湖，镜头上更加注重战斗细节以及血腥惨烈的程度，人物刻画也很成功。观感：最后一段拍得还是不错的，精神力量得以延续。,09-01,5.0,1.0
飞天狐,4.0,延续了上一集的残酷战争视觉场面，本集愈加变本加厉。火烧活人，坦克轰碎，扫射成渣等等画面数不胜数。电影种种画面再次揭示了战争的本质就是无所不用其极的用所有方式去杀人。为了某个现实目的去死，那叫死得其所，比如保家卫国战争。为了不正当的目的去死，那叫糊涂鬼，比如侵略战争。杀红眼的最终结果就是退化为禽兽本质，西点学霸、战功赫赫、伟大的五星上将麦克阿瑟将军，居然也丧心病狂的试图用原子弹来解决问题。而志愿军的坚硬和不屈，俨然诠释了“谁才是最可爱的人”。江山如此多娇，让人感动的并不是引人折腰，而是每一寸土地，都饱含了我们同胞们的血泪和热爱。,03-09,5.0,1.0
月亮还没睡,4.0,电影中有许多残酷的战争场面和镜头，往往让人来不及悲痛、落泪就又要继续前进，除了激烈 惨烈的战场，还有让人动容的亲情友情和爱情瞬间。最难忘的一个镜头便是 伍千里在雪地里为已牺牲的战友们点上一支烟，烟灭了，被风吹倒了，但战争还没有结束。就像多少鲜活脆弱的生命牺牲后，战争却仍然无情,02-15,5.0,1.0
女神的秋裤,3.0,意义大于质量，希望质量早日跟上,05-06,1.9985701037499095,1.0014298962500905
QIQI,3.0,珠玉在前,02-07,1.9891083128136797,1.0108916871863203
孤狼,3.0,比第一部还差,06-12,1.9819906342461477,1.0180093657538523
尧尧,3.0,第一部稍微好点,04-27,1.9661106983700964,1.0338893016299036
Beaverlike,3.0,2022-2-15 单位组织 还丢了围巾。不值当啊,02-16,1.9326254679862407,1.0673745320137593
riff_now,4.0,“第七穿插连应到一百五十七人，实到一人！”,02-01,2.9181011987258394,1.0818988012741606
超级捡漏王,3.0,一口气打下去 有点红海行动的感觉 ,02-28,4.090207093223053,1.0902070932230528
醴,4.0,军人荣耀,02-01,2.8950688727687632,1.1049311272312368
就叫我铿爷吧,5.0,军歌应唱大刀环，誓灭胡奴出玉关。只解沙场为国死，何须马革裹尸还。,07-22,3.885378069773417,1.114621930226583
三放,3.0,把老美拍得那么傻,02-09,4.117293556351289,1.1172935563512887
查理曼大帝,1.0,The definition of SHIT.,03-28,2.153571464530795,1.153571464530795
6079,1.0,比第一部好点,05-07,2.1612410316416937,1.1612410316416937
雾散,5.0,“第七穿插连应到一百五十七人，实到一人。”,02-01,3.8327641512219865,1.1672358487780135
柠檬炸弹,3.0,拍的太简单了，人物塑造不足，尤其是敌人的塑造太脸谱化,05-07,4.190749108584521,1.1907491085845212
我是抱抱龙,3.0,战争片不应该这么拍吧,02-02,4.192076725088475,1.1920767250884747
青,4.0,千禧棒棒哒,05-18,2.790713834039467,1.209286165960533
soul,3.0,没第一部好 情节简单,02-10,4.209319068064444,1.2093190680644437
dz白のY,3.0,一顿突突突,05-28,1.7634184637676107,1.2365815362323893
?????拜晶女?????,3.0,太惨烈了！,03-04,4.237604798288652,1.2376047982886522
Shining小彬彬^_,3.0,这一部的视角收窄，时间过长，相较于《狙击手》，略逊一筹,02-25,4.250199178690016,1.250199178690016
lcn,3.0,前面一小截战术布置很清楚，接下来却出现了多个不能原谅的错误。,02-02,1.747468890413042,1.252531109586958
默默,5.0,好看好看！！,02-01,3.7438258767060186,1.2561741232939814
漆雕温度+,3.0,没看下去，可能是我的问题，和导演、演员无关。,05-04,4.329400507181728,1.3294005071817283
清水森林,5.0,热泪盈眶,03-16,3.6666666666666665,1.3333333333333335
leslie1991,4.0,徐克+林超贤就是各种飞和突突突,02-05,2.628920822811451,1.371079177188549
自由的幻影,2.0,这特效……不断的轰炸让人疲劳（培训课看的,05-09,3.3885771657083925,1.3885771657083925
马什么梅啊,3.0,多一颗星是给真实历史的,02-02,4.392591457768063,1.392591457768063
书遁,4.0,还是挺好的，就徐克特效太重了，以至于我不停的回想徐克的《智取威虎山》,02-02,2.5949849060208208,1.4050150939791792
宝珠,3.0,补标，2022年观影,04-08,4.406778339210804,1.4067783392108044
宇智波止水92,5.0,40.67亿,03-30,3.5717343273429125,1.4282656726570875
Zarathustra,3.0,这么好的题材，战争场面应该让人血脉喷张，结果看着却觉得很乱，部分场景甚至都看出武侠剧的感觉了,09-30,4.435006266199434,1.4350062661994336
自由人,5.0,感人至深  必须五星好评,02-01,3.5648978083189156,1.4351021916810844
生人回避,2.0,这次我站《狙击手》,05-15,3.4380008768461687,1.4380008768461687
leoglory,3.0,跟前作一摸一样的感觉。。,02-11,1.5563209525277037,1.4436790474722963
别别针,3.0,全片最燃“第七穿插连应到157人，实到1人”。,02-05,1.5525306134962031,1.4474693865037969
薄荷妞,3.0,还是之前那个长津湖更好看,03-08,4.462293022432858,1.462293022432858
Eliza Hallinan,5.0,水门桥,03-21,3.518829075809545,1.481170924190455
h玲大可爱,3.0,特效不错，节奏还是有问题。煽情点能不能放在不那么紧张，抢时间的地方？,02-09,4.518298830712018,1.518298830712018
亚连06,3.0,这种电影虽说不算太拉，但终究还是不会太好。,02-09,4.525117297857232,1.525117297857232
牛推鸭大爷,3.0,感觉不如第一部了，没哭出来，有点像以前玩过的射击游戏。能够想到从水管进入泵房真是厉害！,02-17,1.4598555407991358,1.5401444592008642
??Anakin????,3.0,徐克太难了，本来三个人写命题作文，写一半就剩自己了，只能卖弄一下招牌慢镜头和调度很酷炫的运镜。片尾那段报人数确实很感动，一个一个报到第七连很有泪点，但我在片尾曲放人名的时候在第一个“联合导演”里看到有个叫“秦天柱”的人，然后就有点想笑，泪点就这样被偷走了。,07-28,4.5425205691312875,1.5425205691312875
大宝没在学习,3.0,徐克拍战争：费什么话啊，战争的本质不就是打吗，那直接开qiang 吧,02-02,4.544470084318874,1.5444700843188741
佩恩,3.0,第七穿插连应到一百五十七人，实到一人。 《长津湖之水门桥》一部让人泪目的影片。 炮架子打断了，战士的肉身可以做炮架子。 水门桥作战的惨烈超出了上一部的长津湖。 为了当今的太平盛世，先烈们付出了太多。,06-10,4.581782046152947,1.5817820461529468
蓝色的30道阴影,3.0,七人可以二次成功炸桥，牛！快进看完,05-05,4.600371466718107,1.6003714667181068
小玉,2.0,比上部更像了，但也只是像而已。,04-30,3.6058110066834406,1.6058110066834406
twinsen,3.0,主旋律手撕鬼子，无脑爽片,05-06,4.606296908921649,1.6062969089216486
魔都,3.0,比较混乱，很多地方交代不清楚，莫名其妙，到最后也不知道桥到底在哪,02-06,1.3884807102755907,1.6115192897244093
leon,3.0,情感饱满，镜头语言实在一般,04-29,4.6186868530463805,1.6186868530463805
阿斯巴不甜??,3.0,坐立难安了属实是。,02-02,1.367986343318095,1.632013656681905
puss??,1.0,牛13，粗略翻了几十页短评，没见到一条低于4星的，豆瓣算是被控得明明白白了。犹记那年《百鸟朝凤》的制片人下跪求排片，我还骂过这人无赖，这不是道德绑架院线么？现在想想当时还是太年轻，人家不比有zb护航的可以直接威胁影院，噫吁剑可悲也已！,02-01,2.634494669361429,1.634494669361429
芈小花,3.0,易烊千玺是真牛逼啊。最后就他活下来了，接到这样的角色是真牛逼啊。但愿以后继续努力叭。,06-29,4.636051996526789,1.6360519965267892
呜啦啦呜冷冰冰,3.0,我觉得各方面都远比第一部要成熟，至少是统一的不像第一部那么割裂,03-29,4.650758012166036,1.650758012166036
leotsui,2.0,除了最后的“实到一人”让我有点感动外，整部戏冗长无聊。,05-01,3.666046093617056,1.666046093617056
儒商书,4.0,破防了，真滴好看，比第一部强。,02-01,2.3269810636277324,1.6730189363722676
变形的文科生,3.0,徐老怪是有多爱滑雪，各种从雪山顶猛滑下来的镜头。花公款玩特效玩到爽了就是说。,02-08,4.697256776803666,1.6972567768036662
知识贫瘠男青年,3.0,一样的煽情爱国电影??至于好不好看……左边有小姐姐哭的稀里哗啦 右边有人睡得呼噜都打出来了,02-04,4.705211051365827,1.7052110513658274
无聊人士,4.0,贺岁片不困耶！,02-01,2.2877473663151466,1.7122526336848534
TARS,2.0,终于明白 为什么红警里面中国的武器是“雄赳赳气昂昂”,02-06,3.7454875268574757,1.7454875268574757
碧布瑞五,3.0,两个破防的泪点：一个是万里说“百里是我哥，你也是我哥，七连都是我哥。”一个是最后七连全员牺牲，只剩万里一个人报到：“第七穿插连应到157人，实到1人”。致敬先烈。,02-15,1.2524102977584937,1.7475897022415063
轻灵真实,5.0,共和国的根基是血液浇筑。,06-04,3.2433218163978523,1.7566781836021477
佛系上进,3.0,打得我看懵了，几次分不清敌我，结尾有点多余，叫那一声但吴京别出现最好了我不过去拍一次没完成的任务，也算有意义,03-01,4.767138394624297,1.767138394624297
阿田,3.0,进攻的时候，那个配乐太过吵闹，容易造成有主角光辉的猜想……,03-14,4.777136626721772,1.7771366267217719
SydneyCarton,3.0,比第一部差。真的非常非常讨厌这种“典型的徐克大陆电影”，动作戏场面戏的堆砌看得我昏昏欲睡，仅存的动人力量还是上溯前一部乃至《士兵突击》的兰晓龙遗产。,02-02,4.793307505652732,1.7933075056527317
泛,3.0,可惜了好演员，只是这影片的追求实在是...,03-04,4.794995816979592,1.7949958169795917
圣村酒保,3.0,全篇都是公式技巧。,05-14,4.808893815453906,1.8088938154539056
左狸,3.0,画面狂轰乱炸，故事讲得一塌糊涂。,05-03,1.1856426853907949,1.8143573146092051
榴莲苏苏苏,3.0,故事性不强，平淡，就真 看特效吧,02-02,4.828105385108893,1.828105385108893
Luka,3.0,比上部战争戏多了不少，但中间还是有些地方令人迷惑。,05-06,4.829141597676359,1.829141597676359
景晓,3.0,本来主线明晰，但很多人物和情节处理上好拖沓。,03-02,4.835307943575707,1.8353079435757067
fish,5.0,太好看了,02-01,3.150061114470846,1.8499388855291539
大纠结师,3.0,中段的战争调度真的拍得很不错，但后面又回到了那种为了煽情不顾任何逻辑的通病里，就挺让人抓狂,03-17,4.853965931965762,1.853965931965762
逗号后面没有了，,3.0,续作场面依然足够,05-04,4.854024809554383,1.8540248095543834
奶泡咖啡,4.0,2022年2月06日绿地广场,02-16,2.124635884007003,1.8753641159929968
黄人王中王,3.0,电影～不是纪录片～别较真,02-12,4.877971821533167,1.8779718215331673
爱看电影999,3.0,太长，只是乱打，没有家国情怀，没法共情。编剧不行,02-02,1.0940702633587986,1.9059297366412014
Lydia Z.,3.0,只剩下四字弟弟那一幕确实有点动容。,03-03,4.90604741982248,1.90604741982248
璐尔北,3.0,统一成徐老怪风格后，看着的确比第一部连贯和顺眼多了。,11-20,4.909979215278131,1.9099792152781312
冰清玉洁欣欣子,4.0,手里攥好纸巾了 竟然没哭 感谢全场解说的东北大哥们??,02-02,2.0864614095454317,1.9135385904545683
agent k,3.0,易烊千玺太可塑造了！然而我讨厌战争讨厌战争片,02-02,4.913660750048893,1.9136607500488934
huyouyou,3.0,面对空中打击，个人英雄不堪一击。#20220502,05-02,4.919163418322453,1.9191634183224533
深夜的阿斯伯格,3.0,作为战争片在展现死亡这点上不能客观现实，还要花里胡哨小特效慢镜升格，注定沦为二流片了。所以他哥死后也在保护他弟是吗。,08-21,4.92687264310462,1.9268726431046197
东三环斟茶员,3.0,7连短暂占领水门桥后，远方的陆战一师炮兵用榴弹炮对水门桥进行了轰炸……我就不明白，同样是用美制炮弹炸桥面，为什么在志愿军手上能炸桥，用美国炮轰出来就炸不了桥……总的来说比1好，因为武侠爽片更彻底，伍千里有钛合金腿骨。最后用喷火器烧了伍千里尸体但是温暖了已经冻僵的伍万里的情节设计，我很喜欢，这个是神来之笔。,02-12,4.927035009964166,1.9270350099641664
一野,3.0,县城60一张票看完,02-19,1.0699999208605457,1.9300000791394543
老九,3.0,百里积淀。千里传承。万里飞翔！！！,04-29,4.938366398789101,1.9383663987891007
Prinzsy,3.0,吴京终于以主角光环?360度慢镜头全方位无死角的方式展示了他的牺牲,02-01,4.945976640376783,1.9459766403767826
黄桃罐头,3.0,大概是因为上一部给了友情分，这一部真的给不下去。巧合太多，情节刻意。,02-02,4.946370254572667,1.9463702545726669
阿柴,3.0,上一部还有个「倔强少年初长成」的个人叙事，这一部就彻底放弃了这个，从头到尾就是轰炸、轰炸、轰炸。但如果两部算成一部的话，那也勉强能算个完整的叙事，水漂开始，水漂结束，哥哥带弟弟离家开始，弟弟带哥哥骨灰回家结束，就连那条一看就属于陈凯歌的做作红围巾也有了去处。,02-02,4.9507990972477725,1.9507990972477725
高兴得小马,3.0,刚看完水门桥，作为一个工科生不明白，炸桥不应该首选桥墩吗？牺牲那么大盯着桥面炸，多好修啊！不合理,02-05,4.959874139269411,1.9598741392694112
蓝颜柯林si,3.0,比第一部好一点吧，中段“二炸水门桥”拍得挺好的，整部电影的色彩也终于和谐了好多。,02-15,4.961365254357,1.9613652543570002
景时未央,3.0,和上一部相比剧情更加简单，情节更加连贯，战争也更加悲壮……,05-08,4.964360523864232,1.964360523864232
健忘的猫头鹰,3.0,战斗中终于有了点战术的影子，伍千里牺牲时配乐的钢琴曲和片尾孙楠的歌太破坏情境了。,02-14,4.965250403592119,1.965250403592119
340,3.0,没看到什么亮点 整体还不如第一部 作为政治主旋律影片 片尾超长的名单 再次让人感受到了电影是一个工业和政治宣传机器的事实,05-06,4.965823690282553,1.9658236902825532
阿Vian-,3.0,比第一部叙事要好，可还是乱轰乱炸，场面血腥，让俺一度脸盲。另外，我妈在旁边看的泪流满面，我爸呼呼大睡,02-02,4.972421533719782,1.972421533719782
近视眼小熊猫,3.0,不知道是剧本还是拍摄表现方式，显得整部电影有点怪。电影最后恢复七连建制时候哭成一头猪，回去要再看一遍士兵突击。期待电视剧版,02-02,4.97265235094652,1.97265235094652
否极泰还没来,3.0,贩卖爱国情怀的经典之作,03-11,4.974385997721797,1.9743859977217966
Cyder,5.0,应到157人实到1人，让我哭,06-02,3.025378740748978,1.974621259251022
sosuneko,3.0,掐掉后半小时会更好，请相信观众，即使没有刻意的升华也能体会到主旨。,02-07,4.9753385583050544,1.9753385583050544
老泰瑞,3.0,很意外，比上一部好多了，至少通畅。,04-14,4.977744470496116,1.9777444704961162
一一,3.0,因为那段历史足够伟大,07-18,4.9790062880106545,1.9790062880106545
普通的雪花,3.0,兰晓龙大骗子！,02-17,4.979637509430683,1.9796375094306828
Panda561,3.0,看了《冬与狮》，就明白七连的结局了,02-01,4.9836230877207335,1.9836230877207335
空间系烦死了,3.0,作为续集，没啥太大的惊喜，不过至少特效画面没地方翻车（至少我没看到）。恰逢俄乌局势问题严峻，有一句话是共同的：干翻老美！,03-02,4.984500149178461,1.9845001491784613
Brainy_Sucker,3.0,别的不说 配音太烂了 无意义的慢镜头太多 根本不是个用心之作,05-03,1.014454589376197,1.985545410623803
残小雪,3.0,围观长津湖宇宙。,02-06,4.986146034850089,1.9861460348500888
安娜?卡列柴娜,3.0,完整的商业工业片，对我来说没什么吸引力，但是爸妈爱看我们跟着看就是了,02-04,4.9869198326023145,1.9869198326023145
开启学霸模式,3.0,三星给历史。场面特效都有了，却唯独忽略了故事本身，群戏刻画和人物塑造被隔壁吊打。PS：将近2个半小时也太长了，一度想快进。,02-05,4.987975611357619,1.9879756113576192
八脚鱿鱼,3.0,前面都还好，但最后突然多了一辆车，又6人再次炸桥成功，人家层层布防就这么纸糊的。那个炮弹脱离控制补枪实属画蛇添足，直接摔下去抱着炮弹开枪自爆就完事了。后面20分钟属于强制煽情，挺尬的。说实话观感不如第一部。,05-16,1.011686826041554,1.988313173958446
蘑菇安,3.0,看第一部的第一秒就猜到了结局,02-12,4.988710864509594,1.988710864509594
晨曦????,3.0,战争太残酷了，今日的和平来之不易,05-07,4.990210240338666,1.9902102403386657
missingnava,3.0,三炸过程拍得不精彩，人物塑造没有第一部仔细。故事和人物都不如第一部，虽然“新中国万岁”确实可以让人泪盈。,02-01,4.990327290639101,1.990327290639101
平淡生活,3.0,全剧唯一感动我的就是最后那句“我希望恢复七连建制”。不能说不精彩，但是有些地方的夸张导致第一时间是疑惑，而不是感动。,03-04,4.990653240732488,1.9906532407324882
cilei,3.0,纯电影角度，易烊千玺这个角色完全是败笔，本来已经夸张了的剧情非要以这样的人物为主角实在是不可接受。战斗场面设定花哨得过了。,04-02,4.991996580300908,1.991996580300908
红景天,3.0,战斗非常惨烈，整部电影就在不停的打打打，文戏基本没有，剧情和人物也比较扁平，纯纯的商业片，及格了。,02-04,4.992208908236121,1.9922089082361207
陈dler,3.0,①张涵予低头流泪的时候 梦回《集结号》②其实结尾受锦旗的时候 我是希望所有七连主要战友都能出现在万里旁边 ③太需要一个骁勇善战的美国兵了 拿小刀闷声干大事那个可以算半个 ④现在比较成熟的工业体系可以举全国之力用最优质资源拍主旋律片，主旋律太容易尴尬歌刻意了，不过主创看得出来确实尽力在做到不那么尴尬了。【IMAX 南京某影院】,02-14,4.992693464502638,1.9926934645026382
LionheartY,3.0,【也就那么回事吧，10分满给5分】看过《长津湖》之后，对水门桥也是丝毫提不起兴趣，为了把票房排行榜前几名都看下，硬着头皮看的，总体来说比《长津湖》有意思一些，大家有一个中心的目的和目标，就是炸桥。不过么，全程还是那么机枪、坦克炸来炸去的，无聊至极。看这种电影，根本没法从电影中看出什么四五六来，唯一让人感同身受，且不能忘记的就是有那么多人为了我们今天的幸福生活抛头颅洒热血，这一点是绝对不能忘记的，至于影片本身，无聊。,08-09,4.994067537796067,1.9940675377960666
dhsnzgaiz,3.0,徐克什么时候学会玩微缩模型的hhhhhh,02-01,4.994678992418682,1.9946789924186819
外企搬砖人,3.0,热血男儿离故乡，冰天雪地端步枪。以弱胜强炸大桥，逼走美军保家乡。,02-13,4.994785756505896,1.9947857565058964
狗焕爱德善,3.0,大年初一看水门桥，是件挺揪心的事。拍得也不是多好，主人公依次悲壮的死法其实是很刻意的，但我又没办法不难受。,02-01,4.9954598366868,1.9954598366868002
悟臻,3.0,相比第一部剧情更加紧凑、清晰，演员们都演的很好。,04-20,4.99783535365386,1.9978353536538602
Le Papillon,3.0,战争场面可以，在大屏幕看应该很过瘾。这种拍摄手法似乎适用于大多数战争片。也就是说，不看上部，上来就开打，也行。,06-06,4.9980830341057345,1.9980830341057345
ElioElioElio,3.0,相比前作有了更密集紧凑的作战场面 特效没有明显进步 长津湖水门桥不像是两部上下关系的电影 而是一部电影硬拆成两份 它只是再一遍地给我强调了残酷的战争 雪地烧死的战士 坦克履下的战士 装甲车下山的战士 实到一人有被感动到,02-10,4.998102658076828,1.998102658076828
荆轲白凤,3.0,和第一部一样，还是以军人的牺牲来展现战争的残酷，这种处理方式实在低级。虽说这种片子对演技要求不高，但是演员们你们能再敷衍一点吗。有几处确实有戳到泪点，战争片必然的。这两年抗美援朝电影也太多了一些吧！,03-06,4.999024711123333,1.999024711123333
一二三四c,3.0,我们想看这段历史的战争片，但又不想看只有战争的战争片。,05-07,4.999056643052903,1.9990566430529029
hayden,3.0,上一部是修桥，这一部是炸桥，人类啊，你们何苦呢？主角光环不小哦吴京，掉入敌人群中敌人都决定别射死他。,07-28,4.999240119835228,1.9992401198352283
农夫三泉没时间,3.0,铭记历史，那些逝去的英雄就永远活着。对于电影剪辑、特效、拍摄什么弃评，很难拼，我不是专业的，只能说隔行如隔山。,06-11,4.9996640167424715,1.9996640167424715
长安八景,3.0,好惨，最后就只剩一个人了……战争真的很残酷，现在和平美好的生活来之不易。,02-16,4.999695994012136,1.9996959940121357
海浪,3.0,强大的工业实力也是战争的一部分，还好我们现在也有了很高的实力了。,06-03,4.999701349542793,1.9997013495427929
Cherryademan,3.0,其实结尾叙述比过程好，战争戏有点走流程不够精彩，电影整体节奏一般，关键时刻的枪卡壳处理确实挺恶趣味也不明白为啥这么处理。三星致敬志愿军先辈们。,02-11,4.999704955842734,1.9997049558427342
别问我病好了没,3.0,炸坦克那段有被感动到。整体来说，比上一部长津湖精彩和紧凑。,08-10,4.9997107552329405,1.9997107552329405
记得吃芫荽啊,3.0,相比同期的狙击手 仿佛没有了个体的情感与内心变化 只有群像式的宏伟与悲壮 大场面的视效看多了总会让人生厌 落得到最后也不过就是总该如此的不痛不痒,02-22,4.999726357703351,1.9997263577033513
宇声淅沥,3.0,整体比上一部观感好一些。文武戏节奏比例均尚可，也更贴近生活实际，战争场面调度不够清晰，配乐过多。张涵予最后的出场是个好句号。,02-01,4.999740098712412,1.9997400987124117
花生蓝莓三明治,3.0,得和长津湖连着看，不然挺累的。不过连着看五六个小时也挺累的，总结就是如果不考虑视觉效果（有一幕在雪里走那个特效着实给我看无语了）不如做个十来集的剧。,02-01,4.999759570736444,1.999759570736444
七月七日～晴,3.0,战争部分拍的很不错，有很强烈的感官体验，但在感官刺激之外，还是想看到一些细腻的文戏，不是模式化的喊口号。也许以后的电影中会表现出来。,06-22,4.999808554132644,1.9998085541326436
龙妈1303,3.0,将近三个小时全是战争场面，让人视觉疲劳，没有第一部火车上看长城那种美得动人心魄的神来之笔，本质上就是在看徐克的武侠片，最后结尾两兄弟的对话是最感动的地方，结果被突兀又难听的片尾曲吓了一跳，这歌太减分了。,02-04,4.999824192294396,1.9998241922943958
请叫我Mr.Han,3.0,文戏少了许多，战斗画面更加激烈了，令人潸然泪下的点也很触动，明知道会这样发展的剧情，到那个点还是忍不住酸鼻子。这就是钢少气多的人民志愿军吧！,05-08,4.99985367112855,1.99985367112855
杜望川,3.0,这部从头到尾不是大雪遮眼就是炮火漫天，基本也看不清谁牺牲了。不过随着第七连一个个牺牲，煽情效果还是起来了不少。只不过一想到当年那么多烈士用鲜血换来的新中国，如今却被各样的糟践，就觉得这种电影拍得越多反而越具有讽刺效果。,05-01,4.999876063260592,1.9998760632605919
Archon,3.0,额，这一部感觉有点删节重要桥段的感觉啊。。剧情有几个点不太连贯，不知道是怎么回事。反套路的拍摄手法还是可圈可点的，当观众以为最后志愿军一定能炸掉桥的时候，桥却还是被修好了。但从这个点里面却可以看出当年敌我双方实力有多么悬殊，但志愿军战士还是那么去了，还是那样打了，这或许是电影给我的最大启示吧！为伟大的志愿军战士默哀！,05-01,4.999885066217555,1.999885066217555
兔子窝,3.0,"打分不代表我的爱国情怀！
第一部我给了很高的评分，在拍摄手法，在剧情，在惨烈，在感动。第二部，都欠了一些。",05-03,4.999893321167089,1.9998933211670886
Lynchman,3.0,徐克的“独自上场”，令时长虽未减去多少却大幅提升观感的下集，成了最符合大档期需求的动作类型片，很多上集里被单纯渲染为狂轰滥炸的场面都被注入“有趣”的设计，无用但必需的文戏也成了头尾的装点，更为凸出战斗转场的层次感与刺激点的连续。,02-09,4.999915907667411,1.9999159076674111
Cloudox,3.0,节奏属实有点乱，仿佛是赶作业一般把必须交代的交代一遍结束，历史和英雄值得尊敬和铭记，但这部电影不是,06-06,4.999922496185622,1.9999224961856221
平平无奇,3.0,怎么说呢，当战士前一秒还在说话，下一秒就被炸碎；当梅生叼着女儿的半截照片完成必死任务；当千里一步步的放手让万里自己飞；当伍万里报数第七穿插连应到一百五十七人，实到一人……我明明是有动容的，但随后就被传统主旋律拍摄手法拉出戏，就这样两个半小时，不断入戏出戏，相当分裂。,02-02,4.999923485355261,1.9999234853552608
Jack,3.0,"不理解，炸桥的方式还是通过手枪击中炸药包而引爆，为何一定要人去往坦克肚子下面钻。强行牺牲
还有就是总部怎么一点儿支援部队都跟不上，敌人的增援部队都到了，我方一人没有，总部认为我方炸桥的部队有多少人？多少装备？

除了是个爱国题材，让人看了心疼志愿军的困难环境，感受他们的不屈精神，这部影片的作战计划，可谓称得上没读过兵书一般。",02-07,4.999953809796013,1.999953809796013
日月当空,3.0,第二部在一些方面上有所弥补：表现了一个较为完整的故事；特效没有像上部那样假的过于离谱；战役描写也较为完整。但缺点同样明显：即使加入了诸多细节，但战斗描写依旧乱七八糟，条理不清，章法不明；节奏拖沓，很多地方并没必要搞得那么稀松缓慢，甚至让人看不下去；对方的人物刻画依旧那么智障，一个炮弹插在木板中，吴京手里拿着手枪，然后美国人就在那看……；很多地方不合逻辑，离谱至极，一个人能吸引走一队的飞机……；煽情说教环节太多。,06-09,4.999967703302101,1.9999677033021008
笑看风云,3.0,还是那个长津湖，还是那火爆而紧张的场面，这点都没有变。唯一的缺点就是对主角们的牺牲艺术渲染都有点过了，和前面的战争场面要贴近现实这种手法就有剧烈的反差，有种不协调感深深横梗在中间。,02-22,4.99997051747666,1.99997051747666
起个响亮的名号,3.0,写得不对啊，我看了个啥？我怎么感觉有点个人英雄主义？制作组怕不是混进去个美国人？不主旋律啊…本来感情线应该是全连哥哥和弟弟之间的情谊，结果变成为了完成任务牺牲自己。设定是在的，就是没写出来是怎么回事…策略线很清晰，最满意的角色是那个留下手刃了好多战士的美国士兵。从结果来说，是一场失败的战斗，但是要怎么写呢，写出来的都是遗憾…,05-26,4.999977507235492,1.9999775072354922
超威懒猫,3.0,有时候看看主旋律爽片也不错，至少不用去思考那些深刻的东西，一切都停留在单调的正能量中,06-10,4.999984107679983,1.9999841076799827
基本是我,3.0,牺牲事件还是感动人的，感谢先烈们前辈们的付出。回归这电影真的逻辑有问题，细节不值得推敲。,07-06,4.999984389230809,1.999984389230809
从一,3.0,军事bug就不深究了...展现志愿军战士的英雄气概都明白，俺能接受放弃部分逻辑。但志愿军的勇敢无畏，艰苦奋斗不用看电影我就知道啊....你这真能剪进10分钟就能把全片演圆了,06-09,4.999989142515017,1.999989142515017
蓝海悦,3.0,拍摄的很用心很努力，但是总觉得差点东西，这场战争远比电影更悲壮残酷，这些残酷不是一个个被顶下的鲜活生命牺牲能表现出的。,07-13,4.99999630024772,1.9999963002477203
SSakura,3.0,场面宏大，不过不少地方觉得是特效做的，欠缺真实感。感觉还是以画面感说话，叙事的逻辑和画面剪辑有一定的问题，不知道是否过审的原因。人物形象有第一部铺垫还是立体的，但是人物多而削弱了人物成长的立体性。,03-06,4.9999978788915875,1.9999978788915875
Woo0o,3.0,剧情安排比1要好不少，不过真・画蛇添足：反派死于话多真是太差了，不如直接冲下来就炸了，还有万里永远都死不了也太差了，你要不就别安排他被冻一晚上，要不就冻死他#多少士兵是在快要被冻死时烧死的,07-03,1.0000005851073737,1.9999994148926263
Phoebe同学,3.0,这一部在影院看的，体验更好，有些场面很血腥，不是抗日神剧手撕鬼子的那种血腥，是真正战争场面的血腥。,02-15,4.999999687584756,1.999999687584756
Fine.,3.0,比第一部好，但是有些偏离历史了，水门桥战役之惨烈还是要看历史才能感知到，致敬先辈英雄们??,02-06,4.999999707152042,1.9999997071520417
有心打扰,3.0,每个重要角色死亡之际的华彩描绘，一位又一位英雄的英勇就义，总有一幕能集中你内心柔软的地方，让你破防。而七连唯一生还的战士的背影，同样令人心疼。,02-02,4.999999735615043,1.9999997356150434
好饿啊,3.0,单纯以电影角度出发，我觉得故事/电影结构不如第一部。第一部的故事线结构分明，有记忆点；水门桥的故事线相对比较单薄：机场（大概1/4？）―――炸桥（占据电影后半程），炸桥部分为群像展示，每位成员接连下线。看完之后感觉只记得狂轰滥炸，故事线没了,02-01,4.999999773846865,1.9999997738468647
千寻,3.0,和第一部一样吹捧过高，前一个小时铺垫过长，完全可以压缩成十分钟，片尾半小时也是，其实真正战斗场面就一小时，片头第一幕的特效就假到不忍直视。耿乐演的不错贴合角色人设。再次感叹韩东君的造型和表演确实很难看出他自己的影子。梅生的一只眼妆容挺逼真。李晨、杜淳和王丽坤都有点违和出戏。片尾两首歌曲一般，但四字比孙楠那首好点。“敌人的炮火越猛，我们就越强大，要让他们知道我们是不好惹的”,05-31,4.999999849871289,1.9999998498712888
Maniac,3.0,有槽点有泪点有看点。进入水门桥正题前太无聊，重复的场面?抒情，入不了戏。水门桥正题开始斗智斗勇很紧张刺激。几段牺牲都没有打动我，但朱亚文角色的牺牲让我动容了。有个槽点是没看懂伍万里最后一次进攻到底想干嘛，在管道扒拉，一个很坚毅的眼神镜头我以为要不顾障碍往里冲了，结果选择看戏。最后七连报数与对千里的对白让我几乎忍不住要崩。情怀吧，对于军人的情怀，对于牺牲的感性，对于士兵突击钢七连的情怀，都让我最后一下顶不住。如果两部电影删去尴尬与槽点剪成一部时长长些的片或许会好很多,02-15,4.999999970355533,1.9999999703555327
boovie,3.0,1.很一般的动作片，算不上战争片，不如上部长津湖。2.剧情拖沓冗长，缺少吸引力，缺乏新意和亮点，看了两次时间，怎么还不结束。3.和徐老怪的智取威虎山风格雷同，还不如威虎山好看。4.过度煽情，包括音乐和片尾曲，好的电影润物细无声，不是填鸭式。5.美军基本是工具人，人物刻画差老谋子狙击手太多。6.国产战争片还是集结号金陵十三钗南京南京中的战争片段和八百。,03-24,4.999999973347506,1.9999999733475056
伊杭,3.0,看完上部，我就说还可以再拍3个小时，这不就是了！但虽然是高潮部分，反而没有上部那么有层次了，文戏有故意喊solgan的嫌疑，讲悲壮，讲惨烈，讲中美当时的差距倒是很到位，战争的残酷和无奈也第一次有所触碰，不太喜欢这样这头没讲完就讲那头的节奏，眼花缭乱的剪辑有些无所适从，但或许这就是亲历者的感受，观众失去上帝视角反而彻底沉浸式体验了。,02-09,4.999999976648346,1.999999976648346
雁鸣时代,3.0,做为电影本体很一般是事实，但是情感上给我造成了巨大的振动和感动也是事实！为什么电视剧质感这么强烈？为什么第一次攻桥睡意这么强烈？掌声是献给志愿军战士的，做为电影本体实在很一般。只有爆炸和煽情，这也不是电影啊？这是另一种东西。几个印象深刻的记忆点：瞎子朱亚文、平河、哥哥用身躯护送弟弟最后一程。,07-18,4.999999990044609,1.9999999900446088
kylegun,3.0,一只耳力士mini-boss，人体挡坦克碾压战，各种突然血肉爆炸，雪山战狼独闯龙潭……电脑特效质量比上集完成度高了一丢丢，但没了林超贤写实向动作场面加持，徐克子弹时间慢镜头漫画武侠风玩脱了，《智取威虎山》样板戏这样拍可以，正儿八经战争片这么拍实在是……让人想起了当年拍《风语者》的吴宇森,02-24,4.999999992832463,1.9999999928324632
十三shu十三纾,3.0,比第一部差远了，本来打两星的，看在题材的份上给三星吧，节奏太压抑了，双方一直都在兜圈子，绕来绕去，完全没有上一部的爽快感。情节太多不合理的地方，明明有狙击手却不让他远程狙击掩护，打掉所有探照灯能少死多少人啊，你让他冲在前面炸坦克？导演脑子怎么想的？后面一群飞机扔燃烧弹炸李晨一个人？正常应该是机枪扫射吧，大白天所有人都在睡觉，没有轮流放哨的我也是醉了。。。还有抱着炸药包冲坦克的，不能把炸药包扔过去吗？或者从后面跑过去成功率更高吧，一定要正面硬刚？吴京的高山速降都有点成龙的影子了。。。还有一般炸桥应该是顺着管子爬到桥墩上绑炸药包才对劲吧，这打成夺桥了而不是炸桥。。。对面指挥官和智障没区别，你是守桥玩什么诱敌啊，真不怕别人摸过来往桥墩上绑炸药包啊？不带手枪一个人到处乱跑？我也是服了真怀疑他是卧底。,08-04,1.0000000062246235,1.9999999937753765
朝觐电影,3.0,继承了第一部的风格，依旧是大量的绿幕取景，以战争的惨烈来博得观众好感；特效比第一部有所提高――让人看得更舒服了。《长津湖》妄图拍出《大决战》的辉煌，然而却只能望其项背。7.0/10,02-04,4.999999997578621,1.9999999975786213
花落花开自有时,3.0,即便半个多世纪后，还是无法想象先辈们当时是以怎样的勇气扛起了这场战争。如此才堪称立国之战。回到电影来说，相对于迷失在特效里的狂欢，感情的过于充沛问题更大。像是听了一首钱雷+唐恬的歌，几乎是卡着点告诉你哪里该感动，哪里该流泪。张艺谋在狙击手里的克制和冷静显得更难得了。,05-17,4.99999999823433,1.9999999982343297
对方正在输入…,3.0,在中国，永远离不开国产战争片的影子，每次战争，敌方永远都是像个傻子，三星给演员。要论，这部片应该还有个标签，那就是“教育片”。我依旧还记得之前有家长喷子说太血腥…文化背景在那摆着。不是我们无法拍出国外那种即血腥暴力，又是由战争所带来两败俱伤的真实历史场景。所以想想吧，我们无法那样拍，因为剧本不让那么写……,02-02,4.999999998908652,1.9999999989086517
杨杨,3.0,战争戏占据了大半还多，场面有了，特效，爆破，看得眼花缭乱。相对应的，人物就显得空洞了许多。也就导致很难留下深刻的印象，就连战士们的牺牲，都不太能留下印象。当然，吴京的角色牺牲还是记住了，记住了那个慢镜头，那个特效，看得我是真迷……看到这么多的角色牺牲，我内心毫无波澜……看完水门桥，我才发现，原来长津湖最好的角色是老雷……可惜水门桥里没有他……,09-29,4.999999999325062,1.9999999993250617
乔阿,3.0,终于知道哪儿看起来不舒服了：太精致，明显不符合战争时代的精致，台词精致、肢体语言精致、人和人的互动精致，场景特效精致…一切都那么完美，可战争不需要这些浮华的装饰，一场酣畅淋漓的战斗就足以震撼人心了不是么？不知道为啥之前觉得长津湖1还蛮不错的。ps：吴京真的成了一个符号，演戏不是演戏，就是单纯的一个模版。（“第七穿插连，应到157人，实到1人”还是哭了，?1??）,08-17,4.99999999971837,1.9999999997183702
momo,3.0,刚开始看：这片子水平还是不错的，有三星的水平。比第一部流畅很多，风格统一，细节到位，意识到了文戏不足就少拍文戏多拍打戏，战场的残忍尺度也比第一部更大。虽然整体仍是差不多的跌宕起伏和主旋律煽情，但胜在完成度高…调度、演员、剧本巴拉巴拉看完后：“第七穿插连应到一百五十七人，实到一人。”满脑子的评论，最后就只记得了千玺看到大部队向他们敬礼时，无言滑下的那一滴泪。,02-02,4.999999999969462,1.9999999999694618
凌侃侃,3.0,从头打到尾，血腥程度有达到珍爱和平的目的。摄影和特效比较拉闸，装造好评。文戏拉闸，总觉得一些地方能往深处挖人物的内心世界。之所以对于战争没什么共鸣，是因为我出生在相对和平的年代，出生在一个和平的国家。向中国人民解放军致敬！,02-01,4.999999999985771,1.9999999999857714
Ducan COX,3.0,6.5分。如果把开头30分钟去掉就更好了这不是主旋律电影的进步，是影视行业在前十年得了“小时代”的病之后的康复阶段。前面塑造空洞，以至于后面几个大老爷的大吼大叫，及格线边缘的视觉水平却不如2009年《风声》的平静收尾台词来的震撼。“因民族已到存亡之际，我辈只能奋不顾身，挽救于万一。我的肉体即将陨灭，我的灵魂与你们同在。敌人不会了解，老鬼，老枪。不是一个人，而且是一种精神，一种信仰。”,05-13,4.9999999999960005,1.9999999999960005
Joker,3.0,战略战术有点看不懂，因为这属于是我的知识盲区了。但是，隔壁《狙击手》我就能看懂。血淋淋的现实很让人震撼。想让人肉炸弹却失败的，手臂被卷入履带里面的但却还抱着炸药包不放选择牺牲的，一个回头就血肉横飞的……真的太残酷了，你真的想不到你会死在哪一步。这场仗，上战场的美军也想撤，但大boss在酒会上不允许撤退。为战争狂呼的，永远是那些没有在战场上的人。各国军人，应该是最能懂彼此的一群人，他们都是爹生娘养的，有亲人朋友，有挂念，不想死。但是因为出生地不同，立场不同，所以必须在战场上兵戎相见。最近主旋律进步的地方：拿人当人，拿敌人也当人。战争不是士兵挑起的，是多种历史原因促成的，将军背上的是国家利益，士兵只是被卷入战争的活生生的人而已。,02-28,4.99999999999742,1.9999999999974198
普通的胖子,3.0,战争是残酷的，有些地方还可以！但是还是有两点我觉得没有改善，1人物2节奏感！人物上来说还是不够饱满，尤其是伍万里，我个人感觉他在第一部的冲动还可以说是初生牛犊不怕虎的话，那么第二部里的冲动表现就让我对这个人物没有一丝好感，还有就是对美军的刻画还是呆板不够立体！节奏感是现在国产电影急需改进的地方，这电影某些时刻让我觉得好多余，比如抱着五千里的尸体时美军突然的停手不接着烧啦，还有比如一群美军围住啦伍千里突然停手啦？坐看伍千里炸桥吗？实在觉得在故事上需要更多打磨，千万不要只是为了让人感动而强行煽情，水到渠成的自然才能使得故事更有回味，比如像拯救大兵瑞恩,02-09,4.999999999997562,1.999999999997562
火娃,3.0,6/10。徐克将悲情美学和霹雳迅猛的动作场景，在一次次桥毁墩塌的巨大震响和粉碎性爆射中推向情绪的彻底释放。志愿军声东击西、擒贼擒王，打掉探照灯、炸掉弹药堆、突入水泵房、高速滑雪山、冲进坦克底，他们的骨肉被坦克碾碎，为保全集体扑向手雷、吸引敌机密集的枪弹，吞没于大片燃烧弹制造的火海，最后万里抱着哥哥遗体滚下烧化的雪流，以惨重牺牲来扭转战局，美国人则是以逸待劳、兵来将挡，出动成批浩荡疾驰的坦克、遮天蔽日的轰炸机、从天而降的钢桥梁，压迫着幸存的志愿军，整个战局布满谋划、应变，颇有武侠小说风味。不过历史呈现上仍有迎合的趋向，数百名志愿军进攻炸桥却无力阻挡美军安全撤退的真实情况，被缩减成小分队虽败犹荣的壮举，并拍摄了敌舰仓皇逃离的岸边被志愿军高举枪支淹没、红围巾迎风飘扬的胜利场面，以弥补歼敌未成的挫败感。,05-17,4.999999999998966,1.9999999999989662
笨熊,3.0,题材没啥说的，这样的电影越多越好，让年轻一代更懂得现在生活的来之不易，更了解前辈们为了我们做出了多大的牺牲。单从影片本身来看，确实跟第一部比都有很大的差距。这个差距不在演员身上，演员演技都很不错。问题出现在导演和剪辑上，有太多的场景及慢镜头，仅仅是为了体现出悲壮场景，结果连影片都变得不连贯了。还有一些为了表现友情、亲情长时间的脸部特写，实在是太刻意了。相对第一部来说对于本片质量挺失望的。,01-06,4.999999999999728,1.9999999999997282
马扎罗,3.0,对徐克战争片的印象是《智取威虎山》，那时刚大学毕业半年，在北京的几个同学相约去电影院看的3D版，很精彩，看得热血沸腾，直到结尾都没认出梁家辉。但这部丝毫看不出徐克风格，剧情和主题都始终在过时了的主旋律上徘徊，和上世纪50年代的影片相比大概只是技术上进步了，但当我看到编剧是兰晓龙时还是震惊的。如果非要选一个演技最出色的，或许可以是四字弟弟，因为除了他和吴京，其他角色都没有太多发挥空间，而吴京始终停留在武打明星的阶段。,05-19,4.999999999999837,1.9999999999998366
你猜我猜,3.0,3.5没看1直接来看2了，有一些场面拍的还挺有趣，但是整体故事性就不太行……比如躲在暗处的那个美国兵，也算是有重要戏份的角色，或许是我脸盲看漏了，也算是个影响了几次作战的强力配角，可他好像就是突然出现并没有什么前情伏笔？纵观全片，好像只有朱亚文有一点战争之外的故事。如果其他人也可以表现一点他们身为“人”的故事，应该能让人物更立体一点。易烊千玺这个角色虽然活到了最后，可是所有的行为从头到尾都有点迷惑，有些好奇他的粉丝对这部评价如何以及这部真的不太适合随便带孩子看，看的话也可以先补补课讲讲相关历史常识。除了画面比较血腥小朋友会被吓到以外，观察了下周围的情况，小朋友基本完全不感兴趣坐不住，对不了解的故事表现得比较冷漠_(:зf∠)_,02-02,4.999999999999851,1.9999999999998508
尖儿~脆,3.0,剧情简化成七连每个人是怎么死的，特效还蛮有看头，场面调度有点混乱，中国式英雄主义总是这样充满了牺牲和苦难。突然有些理解战争是如何作为毁灭和推进两种分裂的力量存在在人类文明中的，它是全人类的创伤，创伤无法消弭并且普遍存在。我们注定会前赴后继地为许多荒谬的意义制造战争，它本身即是惩罚。,05-18,4.99999999999991,1.9999999999999103
忧郁稻草人,3.0,相比起用难看来形容，影像和题材的割裂是更合适的表述。无论是动作桥段的设计逻辑还是情感表达，本应严肃写实的历史战争题材被精心包装成香港警匪电影了。这也是我看电影以来，为数不多画面过亮的电影，夜晚如白天，白天如正午。打光很有世纪初港片的光线调度的感觉，还有各种光晕，整的像科幻片。镜头调度上《水门桥》和《智取威虎山》很接近，有一些用多了就很违和的长镜头和特效镜头，但后者但战斗规模较小，题材有演绎成分，即使处理稍显夸张，违和感尚没有这样强。但在大场景调度上如此的镜头调度就真的很拧巴。剧情上槽点也不少，但如果把它当作架空背景的港片去看，多多少少也就能接受些了。,02-12,4.999999999999971,1.9999999999999707
废话队长,3.0,留意了下，片尾打出徐克的头衔是“监制导演”，区别于另外两位的“监制”，也不知道这是不是独创的工种名。单就视觉来看，确实使在上一部的混乱场面中潜隐的场面特质鲜明起来，比如室内的火焰、室外的恶雪，在官能的极端对转中强化肉眼对残肢肆虐的痛的捕捉。流畅的调度设计掩盖住工业置景的假体性，如同沙盘模型般的推演，好几场戏当真使cg笼罩的岩坡炸点装配上了压迫感，难得打出了国产战争戏的些许个性,02-04,4.999999999999992,1.999999999999992
kotrasy,3.0,主旋律并没有太多的新意，剧情的走向都在意料之中。本来水门桥是个不错的切入点，明确的战役点引发的来回争夺，可惜在大场面的调度下，还是显得大而不实。雪战的部分镜头很有有游戏感，妆术也符合战况，惨烈度也有一定表达，可惜煽情还是靠配乐和牺牲。战争没有完全的胜负，惨烈是战争的本质，希望看完引发的是对战争的思考，而不是某种情绪的煽动,02-01,4.999999999999993,1.999999999999993
kevin,3.0,勉强及格。很难说哪里优异，也很难说哪里差。中规中矩的战斗，中规中矩的叙事，中规中矩的结局，中规中矩的煽情……一切都是这么中规中矩。志愿军战士nb，但电影也就那样。,02-07,4.999999999999995,1.9999999999999947
六条叔叔??,3.0,分级！分级！分级！中国电影什么时候才能学会分级！大过年的让小孩子看这种血肉横飞的电影真的好么？？？这次基本完全交给了徐老怪，所以节奏叙事没啥大问题。完完整整的展现了一场战争的从头到尾，比第一部是要好一些，但只是技术上的进步，和大部分国产战争片一样，拍来拍去就是一句“我军吃苦耐劳还神勇无敌”，越来越宏大的场面更显得内核越空洞。如何展现深层次的思考和电影分级制度真的是中国电影工业急需解决的两个问题！,02-02,4.999999999999995,1.9999999999999947
星汉,3.0,跟《长津湖》一样的中式“战狼”式爱国爆米花战争片，相对来说，确实符合国人的口味（国人好像特别喜欢战争片，不知道是不是从小看《大决战》、《血战台儿庄》和各种抗日片有关）。不过相对来说，这部片（包括《长津湖》）还是进化了不少，至少主角突出了（不像以前的战争片，几乎没有主角），细节描述刻画得也多了，真正是一部电影了（以前更像纪录片）。,07-15,4.999999999999997,1.9999999999999973
六尺之上,3.0,据说上部被吐槽文戏少，是因为被放到了下部。看完水门桥后我认为，整部长津湖就没有什么文戏―每次战斗间歇的短暂交流可不算文戏。用电影去表现抗美援朝，表现志愿军，本就力不从心，并不是技术达不到，而是电影这种艺术形式本身无法表现国人心中的抗美援朝。抗美援朝如同一场雄壮的进行曲，不允许有任何不和谐音符，电影中，志愿军战士用各种牺牲诠释了英勇、顽强、视死如归。战争在中国人心中本就是不一样的事物，在中国，战争这个词是容不下多少哲学思考的。我们的战争首先是悲壮的，可歌可泣的。我们不能，也不允许像别的国家那样，从第三人的视角看待自己国家的战争。于是，我们最好用纪录片表现战争，能有好作品。至于电影，还是用来记录更加复杂晦暗的人性，和更加模棱两可的世界观吧。,02-01,5.0,2.0
Jacob Wang,3.0,（华夏影城长沙龙湾商业广场店）陪长辈去影院看完了这部电影，第一感觉就是真的太长了，电影叙事大逻辑含糊，很拖拉。说实在的，剧情、画面、演员的演技特效都可以，就真的是太拖拉了。原本以为结束了，又整一个小高潮，高潮完了想着终于要结束了吧，md又来一个刺点，转折太多都有点看腻了。另外最后是哪位大佬把三位指导导的戏合在一起的？敢情是谁也不想得罪么，电影结尾就是三位导演的三段结尾生接在一起，甚至看风格就知道哪一段结局是哪一位大佬的风格。最后一段结局结束的时候的结尾音乐也是很硬，和画面不相融。整体来看，从画面、演技来看，给电影四星，剧情拖拉扣一星，综合三星。,02-02,5.0,2.0
梧桐树下你和我,3.0,"“报道七连应到一百五十七人，实到一人。”这一句实在是破防了，我们打小总能听到战剩一兵一卒,当你亲眼目睹整件战斗事件的发生.最后一这一句话实在是整部片的画龙点睛.这一次足够惨烈,足够苦...这次由徐克挂帅,另外两导演做监制,风格几乎做到统一,从上一部宏观的长津湖战役,到这部聚焦""连部级""的战斗,两个小时的叙事足够详细去单独叙事三炸水门桥的来龙去脉.印象最深刻应该是炸坦克那段了足够残忍和真实,但是总感觉依然内容仍然有些许的空洞,还是有很多地方感觉比起上一部更为刻意煽情,让人感到不适.好像我们的战争片总是逃不过这种意识形态的...还有钢七连的单兵作战能力感觉有些强得不太现实,历史上抗美援朝的一个美国人换七个中国人的伤亡比例,感觉""水门桥""的陆战一师刻画出来的敌人感觉好像小学生一样.我们的战士作战能力有些强得离谱..",02-07,5.0,2.0
Ion,3.0,这部如果单独看，几乎从头打到尾，虽然结尾有一点文戏。如果和上一部结合在一起当一部看（当然，本来就是完整的一部，但就是给剪成了两部），三位导演（陈凯歌林超贤徐克）个人风格从镜头语言、场面调度来看太明显了，所以整部影片风格又不大统一，有割裂感。看有人说上下部本质是拼盘电影。徐克这次玩的很嗨，但是否部分地方有些过火。梅雪风：最后当伍千里的尸身都保不住被美军的火筒烧焦顺着山坡向下滑去时，一种无关国愁家恨的本质性的悲伤逸出银幕。而这时美军士兵停止发射向长官请示是影片中对于人性最微妙的表达：面对敌军的尸首他有一种本能的尊敬和悲悯这个镜头和前面伍万里满脸嫌恶却不忍地看着美军伤员然后将裹在自己身上的棉被盖在了这个发抖的伤兵身上的镜头异曲同工：在褪去所有的意识形态符号之后战争本质是人与人之间对于身体的互相戕害,02-12,5.0,2.0
开启这场战斗,3.0,比长津湖好看：慢了下来，同时放大细节，让一个擦伤、钉子看起来比被轰炸更疼痛，也让情感表达更真挚；战争讲述伴随策略一步步十分清晰，不再是一股脑快速剪辑下的狂轰乱炸。但CG依旧很容易和真实场面辨认，感觉和B站up学了一个月制作出来的效果差不多；抗美援朝却一个朝鲜人都没看到，主旋律和导演意志过强。对于人物，烘托人物关系的“情”不细致、容易疲倦；有人物弧光变化的，例如伍万里对于战争认识――从杀敌到战争人性，但影片强调的“英雄”概念仍在，虽然英雄肉体会亡，但精神高尚永存，最后伍千里的重新出现特别像《大路》里对于无产阶级革命者的诠释。相较之下，美军反而更像“人”，甚至还有类似于《拯救大兵瑞恩》中战前音乐片段的模仿、或不同立场下的战争表述，一瓶酒、一个纪录片片段都显得格外真实。,03-14,5.0,2.0
白武,5.0,七连,02-01,3.0,2.0
馒头,3.0,剪辑有用心的地方但是感觉不到新意，演技的话，都可以，但是感觉这些熟脸在别的电影里好像也差不多是这样演的。外国演员有点点尴尬，台词也有点，没啥脑子又自负骄傲的形象。保留了战争对于敌方世界同样具有的摧毁性，但其实也挺老套。特效，也可以，但是请一些新演员省点钱给特效吧，也有点无聊。电影整体一般吧，国内战争电影都是大致一致的公式化渲染氛围，都是以牺牲大义作为感染点。但是还是让人哭了好几次，尤其平河被压在坦克下的片段。更多的感动的还是关于电影里的历史真实，肉体当炸药包。战争电影有绝对存在的意义，但是清一色的叙事差不多的结局还是有点观影疲劳。国内战争电影对于个人―― 一个人对于战争对他/她的身体和心理和精神的情感创伤性影响还是很浅显，毕竟炸掉手指，战士们都面不改色的，是因为冻僵了吗，这倒也可以理解。,07-06,5.0,2.0
洋葱假说,3.0,抗美援朝的战争，在我们这一代终于有了印记。直观呈现战争的残酷，是历史被铭记的好方式之一。《长津湖》战事难打，惨烈，都表现出来了；以为到了徐克主导会强调作战之奇，不过除了一些镜头调度比较典型之外，故事依然延续了狂轰滥炸的节奏。好处固然是直面战争的残酷，坏处是观感上很快就麻木了。不过，这次总体上突出了仗为何难打，有一种窒息感；文戏也干脆许多。印象最深一个镜头，是伍千里一根烟插在雪上，悲怆之情一下子出来了。最后，希望战争题材从此之后可以更精细化。这么多年，民族的伤痛我们已然铭记，是时候站在人类的角度去反思战争了，就像被伍万里按下补刀的那把枪一样。,03-08,5.0,2.0
心拍数-,3.0,第一部就被渲染的很多情景震撼，并且第二部以作战行动为主，未再说明为什么这一战非打不可，因此看第二部时，说实话并没有多么因那些宏大壮丽的流血牺牲片段热血沸腾，多么有自豪骄傲扬眉吐气之感，而是本能地感到沮丧，甚至凄凉和悲哀。在任何宏大叙事前，个人都是渺小的，尽管每个人都是有自己故事线的个体，无论是作战的哪一方，却仍然都逃不开成为“不惜一切代价”的那个代价。再联想到一些时事，忍不住“不正确”地想：真的有什么战争是必须要进行且避无可避的吗。演员方面，和众多老戏骨飙起戏来，不得不承认，四字演技越发成熟，真的不错。,03-14,5.0,2.0
游方eli,3.0,"这部片子感人吗？是感人的，真实吗？有待商榷，宣传的作用大于事实，不过让一些人因为这部电影的争议去了解历史也是一件好事，更多的人了解了真实的抗美援朝，年轻人进一步理解了历史，警钟长鸣。
青山有幸埋忠骨，牺牲的志愿军同志们护住了自己的妻儿老小，再也没有列强可以欺辱他们了，如今人人都能有衣穿，有饭吃，但是打江山容易守江山难，一代人有一代人的长征，盼今世之人勿忘赤子之心，路漫漫其修远兮，吾将上下而求索",05-05,5.0,2.0
孟祥哥哥,5.0,比第一部好看太多了，有点费纸，特别好的意思就是,02-01,2.98968753424393,2.01031246575607
子霖,2.0,一辆破车都能开上山顶，美军的装备却只能过那个破桥。,03-05,4.074565100299898,2.074565100299898
Stephen曹曹,2.0,火箭筒能拐弯，厉害了。,05-07,4.079501079538639,2.0795010795386393
Aaron,2.0,矮化敌人，只会弱化自己的英勇。,05-25,4.083772396491073,2.0837723964910726
曾明辉??毛莫挨,5.0,死了两个连的人炸桥，美军用飞机就把桥修好了，有点替他们不值得。大过年看的哭兮兮,02-01,2.866765291098135,2.133234708901865
落落的风,4.0,第七穿插连应到157人，实到1人。――为这句台词打4分,06-05,1.7592959246100954,2.2407040753899046
私房歌,4.0,让你破防的并不是只回来了一人，而是那些千千万万至死未回的人。,02-09,1.7565838696054907,2.2434161303945093
BloodyBlue,2.0,为了老段，勉强把第二部也看了。emmmmm,03-03,4.2526766237322375,2.2526766237322375
owow,4.0,实到一人，破防。,02-05,1.7470607718243736,2.2529392281756264
红袍女Chiara,2.0,我的战争片爱好者父亲，主旋律作品精准受众，观影前：给我放长津湖2！我就要看！两个半小时我也要看！观影后：（呆滞）（无语）（一串国骂）耽误我睡觉！（破口大骂持续两周）,09-27,4.2572738332396085,2.2572738332396085
神代玲花,1.0,建议延期到23年大年初一,02-13,3.3963955712573997,2.3963955712573997
小菜一碟,5.0,七连就剩伍万里一个人了呜呜呜，我的眼泪不值钱??,02-02,2.553274643515647,2.446725356484353
LADY BIRD,2.0,没看第一部，看睡着了一会儿；基本上是战争戏，毫无意义地各种炫技。,02-05,4.474171947114067,2.4741719471140673
岭南佳荔,2.0,一直炸炸炸打打打，眼睛好累。,05-17,4.479583144099929,2.479583144099929
???????????????,2.0,不如合一起直接整个四五个小时的电影得了 分上下部就没什么意思了嗷,07-09,4.492590174586587,2.492590174586587
柚子茶,2.0,不是炸炸炸就是各种突兀的煽情，咱就是说能不能稍微结合一下别这么简单粗暴？起码得有个剧情吧……还有很多血腥镜头，小朋友就别来受罪了,03-09,4.54800508564314,2.5480050856431404
亲爱的小baby,5.0,10,06-09,2.4094151212553494,2.5905848787446506
长风,4.0,美军不管输赢，都是丢人丢到家了，完全不对等的战争，无耻至极。,02-02,1.3876620188389674,2.6123379811610326
正字员外置,2.0,很奇怪，不但缺点继承第一部，原来的优点也给整没了，战术细节不突出，特效渲染像动画，后期配音太出戏，连嘴型都对不上。很多镜头两部共用，所以说最开始应该就只有一部，硬是剪成两部来圈钱，不地道啊,04-30,4.626329110207084,2.6263291102070836
豆瓣响铛铛,4.0,第七穿插连应到157人，实到1人。,05-19,1.361031944659985,2.638968055340015
321,5.0,不忍心给牺牲的前辈们差评,02-14,2.357904051405836,2.642095948594164
mIssion1-hong,2.0,最后只剩一个不听话的战士？…这,05-02,4.642643846582468,2.6426438465824678
二二です,2.0,还是去看纪录片吧,02-12,4.762188743505819,2.7621887435058188
酱爆桑桑子,1.0,也是好看的。,05-06,3.8449848024316102,2.8449848024316102
Die Katze,2.0,我相信是找了退役美军来顾问的。水门桥的警戒布置和美军在伊拉克的布置一摸一样。,06-07,4.847944148711792,2.8479441487117922
奔狼的年代,2.0,这是战争片吧……实际一点比较好……,04-08,4.8741876141310705,2.8741876141310705
摄氏零度,2.0,对主旋律片开始逆反了，特效堆叠流量加持剧情线弱，还乱改历史的改动...真受不了黄金档全是一些主旋律电影,07-24,4.886180861324648,2.8861808613246476
凶神,2.0,没第一部热血，也没第一部煽情，美军也更工具人了......,02-16,4.90404703312786,2.90404703312786
Rambo,4.0,咣咣咣biubiubiu轰！革命先烈永垂不朽,02-02,1.0953307352601156,2.9046692647398844
蘑o菇,4.0,2月4日大半夜大黄请客看的,02-10,1.0579390645330693,2.9420609354669307
TheAnglesWept,2.0,四字弟弟哭戏训练平台。,02-05,4.94557094819652,2.9455709481965204
一只肉哈,2.0,和长津湖差不多。就是结尾太一般了。伍万里一路躺赢，成为七连最后一个活着的人。为什么活着太扯了??,02-04,4.953713597351754,2.9537135973517543
?  ??,2.0,从头打到尾 英雄之火不灭,02-21,4.963216292934052,2.963216292934052
飒润,2.0,宽容的都给长津湖第一部了，所以这一部实在是无法再宽容，全片无法共情，为了打仗的打仗，所有的战争画面如果移到其他战争上也不突兀,03-11,4.977907615704369,2.9779076157043693
稚星,2.0,还能说什么…价值在于我们见证了中国电影工业化的进步…,02-02,4.98177325613125,2.98177325613125
Thous ,2.0,反正历史不在场，就当看个爽片。美军都是反面人物，蠢货。,02-01,4.982948274492153,2.982948274492153
memoryma,4.0,文戏实在是有点多，且配乐太足太满了。志愿军有点过于神勇了，美国人如果第一部还想回家过圣诞??跟家人团聚之类的，第二部已经是生死攸关了，但仍然打得很心不在焉，很……弱智。后来编剧更让美国人自己弄洒了几箱汽油，炸了自己的碉堡。我老公还说，那怎么了，他们害怕所以乱打一气呀。我说那志愿军应该更害怕呀……为啥没有乱打呢？,02-02,1.0069184551004464,2.9930815448995536
相对屋檐,4.0,当看到对方最终在计划时间内，用预制件把桥顺利修好，并未耽误撤离计划时，我深深对炸桥的必要性产生了怀疑。果然，科学技术才是第一生产力！！！,03-05,1.0053762023902837,2.9946237976097163
D.Ding,2.0,从抗日神剧到抗美神剧的“进步”。,05-04,4.996047856347048,2.9960478563470483
秤说,2.0,第一部大家还坚持看下来了，可第二部还是那套多少有点疲劳了，毕竟也就那么几个演员，俗套的演技没啥新意，不针对历史只针对片子。乱七八糟的打仗没头没尾的。最后结尾直接侮辱智商，你说哥俩一起死那还感人，弟弟炸大桥那也悲壮。可是最后却变成弟弟就这么活着回来了？！,07-12,4.997236139597483,2.997236139597483
浮生若梦,2.0,徐克开创了一种主旋律动作片的新形式，情节推动和人物塑造要么一笔带过要么靠闪回，只有战争场面不计成本地打造。美国那些超英算啥啊，被打了还呲牙咧嘴的喊叫，我们就可以做到手指都炸没了还能面不改色心不跳地指挥战斗，已经达到了碳基生物所不能及的高度。,05-30,4.998714381294527,2.998714381294527
幽梦影院,2.0,看来徐克太热衷于武侠了，最后的吴京完全是超人个人英雄主义。唉，场面残酷，但电影不好看。如果换一个视角，用美军的焦虑、绝望、丢盔卸甲，是否更能衬托我军的英勇？失望,04-22,4.99995858056212,2.9999585805621196
妍春,2.0,这片的幕后审美决策人是谁？是徐克还是谁？拉出去枪B都不为过！拍得个什么东西！偶像剧？就这样消费烈士？你良心过得去？“把万里带到隐蔽处”，《高山下的花环》还要再度上演么？易家独赵？还有刻意且偏见地将吴京塑造成超级士兵，符合史实么，捧杀？？,02-18,4.999968281900706,2.9999682819007063
壹捌八,2.0,那天，问我们班的小孩想看啥电影，他们居然点了长津湖、战狼和长空之王……不禁感慨现在的小孩真是……这个年纪的小孩不应该点点儿迪士尼，皮克斯的动画嘛！,08-04,4.999981548231284,2.9999815482312844
Toddemon,2.0,徐克独立执导的这部水准严重下降，出现了个人英雄片的苗头。片中美军脸谱化严重，最后被强行降智，沦为工具人。伍万里这个角色真的太令人讨厌了，什么都不懂，还不服从命令。整天一副别人都欠他钱的表情，凭什么大伙都得围着他转，最后偏偏就他一个人幸存了。本片的化妆着实不错，尤其是志愿军战士的战损妆，很真实，比那些只会开美颜的片子强多了。,06-10,4.999993209930313,2.999993209930313
木卫二,2.0,内容是kmyc，形式是土法炼钢。就像连接桥堡，一排四道的水管，你知道它会派上用场，但不能想象被用得如此含糊不清，狂轰乱炸之下，居然只有我军炸出的一个小小缺口。可在视觉上，它被凸显得比水门桥要壮观强烈得多――这也几乎是电影的问题所在，除了高山速降有些徐克的飘逸动作影子，它基本还是一部用硬邦邦的水泥管子粗细，来表现我军战士是用特殊材料制成的电影。他们被轧被炮弹撕裂被冷冻火烧，能一声不吭、坚决完成任务。站是打不弯的老辣钢材板，躺下是敲不碎的新生混凝土。在反战已是电影主流声音的今日，看一群无法传递人之疼痛脆弱，而是让位于训令口号和油腻特效的大片，一再摇头。,02-02,4.999997936289892,2.9999979362898923
蒜 | BOY A ??,2.0,说实话看完预告片本来还有点期待的，以为经过第一部的铺垫，高潮戏份终于要来了，换成一个导演主力估计会更加聚焦风格。结果还是失望了，整个就还是大混战，美军集体成为无脑摆设，游戏里的NPC，对抗部分没有任何冲击作用。为了强化主角们为集体荣誉牺牲，把每个人的牺牲都用慢镜头全方位展示一下，真的没必要。重头戏的三炸水门桥，最后是炸个窟窿，人家还是架钢板撤退了，所以这场战役的重点只是全军覆没的悲壮意义么？唉，果然期望越大失望越大,02-03,4.999999816101946,2.999999816101946
青春遮不住流年,2.0,5/10。还是被故事感动到了，但是题材的事，和电影关系没那么大。这部《水门桥》其实和《长津湖》的观感差不多，不过这部确实徐克的风格浓了些，那种升格、定场的漫画感一看就是出自他的手笔。这种尝试不能说完全不好，只是稍微有点跳戏了。这部的动作戏相较前作也没那么精彩了，虽然还是轰轰轰、砰砰砰、哒哒哒、噗呲噗呲了两个多小时，但整体看下来就真的只有累的感受了，没发现什么特别亮眼的调度和设计。而且和第一部相比，像雷公这种有亮点的角色也没了，本来以为谈子为能抗起来大旗，结果这么草率地给我领盒饭了……制作水平确实是有，可奈何电影规模更大，整体来看，还是扛不起来整部电影。华语战争大片继续加油吧！PS：血腥程度令人咋舌。,04-08,4.999999999928042,2.9999999999280416
崇安baby??,2.0,不知道现在电影有没有分古典电影和现代电影（例如，短视频风格？）近几年看的中国战争片感觉都好奇怪，所有的泪点、震撼点…夹杂着堆砌着，硬戳，转折延续略显突兀。是电影还是PPT？就有种这部片子有这么几个点要展示，那我们就在这几个地方加入；这里要推一把那就再来点刺激点。是的，也震撼也感动也敬佩，但是抠脑壳。突然回想起小学时学校组织看的爱国片…尊重历史，尊重电影。,02-02,4.99999999998993,2.99999999998993
时光Serene,2.0,沧海横流，方显英雄本色。本片讲述艰苦卓绝环境中，先辈们的英雄无畏和果敢智慧。条件再艰难也要上，七十八个战士绝不退缩！在imax影厅可以身临其境感受到战争的残酷和战士们的不易，以摧枯拉朽之势夺取胜利。是他们的坚守才让我们有了当下的安乐。印象深刻的是万里不再追求战绩，“快二十个了吧？”“不重要，我要让你们都活着回家。”而是追求战友的平安，孩子长大了！而“把纱布留给能活着的人”的现实让他必须更加坚韧的面对一切。别怕，前方就是家的方向，再坚持一下！,02-18,5.0,3.0
画中存诗意,5.0,只能说不负众望,02-01,1.9133011186255753,3.0866988813744247
Yahto,5.0,7.5/10，乌俄冲突再一次证明，自身强大才是硬道理，中华人民共和国万岁！,02-26,1.6756613302889591,3.324338669711041
豆友194160557,1.0,给我的祖国,05-06,4.333333333333333,3.333333333333333
松萝,1.0,好莱坞叙事战争片。,02-16,4.959236444284702,3.959236444284702
人民的艾力,5.0,“飞机屁股后面大门一开，下来的都是枪炮。可我们是一片一片的黄衣服，一个一个的挨着。牺牲的兄弟我们该叫他啥？行军六天六夜不吃不睡的，冻死在路上，我们该叫他啥？没有冻不死的英雄，更没有打不死的英雄，只有军人的荣耀！”            ――西安开往阿克苏的T269次列车上,06-24,1.0093549693053476,3.9906450306946524
江苇,1.0,极差。关于这场战争具体事务性的琐碎的析辨，还是要看看刘小枫、汪晖、杨奎松、高华、沈志华这些人。,03-01,4.995603407294297,3.995603407294297
Cardinal,1.0,【??】虽然从第一幕飞机扫射而过的镜头就让人皱眉了，但感谢徐克增添的趣味性，tank碾人拍的很美，我就当是娄公子某片的写实拍摄了。,03-18,4.999559420231905,3.999559420231905
邢育森,1.0,开头就雷到我，出演员表之前那一分钟是什么？竟然是上一集的前情回顾。这是当电视剧来拍的啊。打得眼花缭乱，却没有实实在在的痛感，更别谈所谓共情了，宏大的音乐下只看得到一个个战争工具，而非真正的人。就算按照电视剧的标准，也没有《团长》里的随便一场战斗戏拍得好啊。上一集至少还有一段林超贤导的戏可以看。 Ps：那么多的血腥场面，电影也不分级，过年很多人还带着小孩子一起去看。,04-30,4.9999999989710835,3.9999999989710835
牛逼协会会长,1.0,能够看出来，第一部中存在的一些所谓的缺点有在尽力的克服，比如远景宏观视角下的五毛视效和灾难级的镜头调度，在本部这种镜头虽然少了很多，但是滥用升格和动态背景下的定格镜头反倒是加重观感层面上的灾难，易烊千玺在第一部的人物扁平，这一部的结局也算是给他的成长线画了一笔句号，但是还不够圆满和完满。吴京的表现这一部不仅有着冷锋的感觉，还有几分刘培强的影子。再说这一部美军的反智操作跟隔壁狙击手真的差了一万条街，甚至还有几分送“温暖”的感觉，这在最后的结局中尤其明显。虽然五毛少了很多，但大部分都在展现人物弧光时刻，这么做真的恰当吗。,02-09,5.0,4.0
牛逼协会会长,1.0,能够看出来，第一部中存在的一些所谓的缺点有在尽力的克服，比如远景宏观视角下的五毛视效和灾难级的镜头调度，在本部这种镜头虽然少了很多，但是滥用升格和动态背景下的定格镜头反倒是加重观感层面上的灾难，易烊千玺在第一部的人物扁平，这一部的结局也算是给他的成长线画了一笔句号，但是还不够圆满和完满。吴京的表现这一部不仅有着冷锋的感觉，还有几分刘培强的影子。再说这一部美军的反智操作跟隔壁狙击手真的差了一万条街，甚至还有几分送“温暖”的感觉，这在最后的结局中尤其明显。虽然五毛少了很多，但大部分都在展现人物弧光时刻，这么做真的恰当吗。,02-09,5.0,4.0
