故事的男主角,1,明明就是一部小品，配不上“满江红”三个大字,02-03
拾得,3,"一句话概括老谋子的《满江红》：

一伙人策划了一次针对奸臣的行动，筹划埋伏了几十年，主演几乎全死光……最后目的竟是：为了让奸臣带领全军背课文！！！

这种爱学习的精神让我动容。眼泪夹不住了～",01-22
Phoenix,4,全军复诵的时候我还在想，为什么秦桧儿对岳飞这么有感情，看到后边，哦！果然是张艺谋。,01-22
Aspirin,5,我的五颗星星都给何大人，看完好想被何大人的扇子敲一下（bushi,01-22
ABFITO,3,"知道满江红，没想到这么红...
我这是看了个主旋律古装剧本杀啊，还是欢乐情感本...",01-22
ElenSila,3,那个，能不能不要通过一些“亡国歌女”来透出一些…..,01-24
June,3,玷污女性那段属实让人一点生理不适了，好像女性的大义就体现在被人玷污而不屈服这一点上,02-03
私享史,3,"7分。二十年前张艺谋没有刺秦，我站在偏精英的立场上不认同他共情暴君；二十年后张艺谋还是没有刺秦，我站在偏民众的立场上不认同他姑息奸臣。

再回到电影构建的语境中来讨论，对于秦桧这样位高权重祸国殃民的奸臣，无论杀他能不能历史偶然地改变历史进程，都应该被（小人物张大式）快意恩仇地一刀砍死，而不做（小精英孙均式）“让你苟活着背负老百姓骂名惶惶不可终日”的臆想。

更何况最后孙均都把秦桧捆起来了，背负着含亲戚在内的六条人命，居然还是选择不杀，恕我无法接受。虽然既定史实即便在艺术表达中也不容篡改，但不杀了还是杀不了是创作者可以选择的。

想靠“功过后人评”这一套说教来告诫活着的大人物，既是一种过于理想的道德约束，也流于主观心证和相对主义的虚妄，应该是现世的法律制裁和人心向背更具威慑力才对。【仙桃金逸】",01-23
最喜欢夏天,2,如果令我感到不适，那就是真的不适。21世纪了，还需要挽救风尘女子而她守贞如玉贞洁比死亡更重要的桥段吗。,01-28
盐巴,2,张导的作品一如既往的让我失望。像是初学作诗时，侧重整齐押韵，却忽略了诗本身的意义。,01-24
哪吒男,4,原来带着镣铐是可以跳舞的，原来记忆就能杀人，敌人狡诈狠毒，我们共诵一首歌即可杀他。,01-22
-却不及,4,我们为什么要记住诗词。,01-22
yyh,4,可能不少人觉得最后朗诵满江红太煽情，可是在这个越来越逐利的时代，我愿意相信这样的浪漫英雄主义，至少是这两个半小时我想相信,01-23
青池君,4,国产电影把全球刺客??的格局都打开了…不索命只要对方背诗??,01-26
HarperDie,4,“三十功名尘与土，八千里路云和月。”这不就是张导至今35年导演生涯的真实写照？他依旧在题材、手法、剧作上寻求变化。在意之人，定将铭记于心。反之，则嗤之以鼻。历史终究会烙下某种评断，无论好坏，是否清晰明确，消失难道不也是存在最好的印证？千玺很幸运，在最好的年华，能演到孙钧这样的好角色。,01-22
Leo哥,4,雷佳音最后的表演多给一星，确实知道这剧有多处反转，但是最后的结局让我感受到格局，国师还是功力深，可细品,01-22
罅昶,4,听到“我没什么背景 是靠自己努力”发出兔年第一声爆笑 大家演技都在线 新女演员也挺惊艳的 ,01-22
豆瓣在逃江湖骗子,5,国师真的老了，从第五代的影像至上到一曲《满江红》的故事悬疑，很难说是商业的妥协还是在影像故事抉择之中的回归，但我觉得这部《满江红》道尽了一个老人，一个老电影艺术家的“精忠报国”，疫情三年中国电影业的萧条、困顿、失落，国师在今时用一首《满江红》高唱“待从头、收拾旧山河，朝天阙”，高歌“臣子恨，何时灭”，对着后辈年轻的电影人高歌“莫等闲，白了少年头，空悲切”！老一辈或许会背负骂名（向商业投降）而离去，但新一代将背负希望远行！这是一个老人送给中国电影的诗歌，是一部属于中国的《阿涅斯论瓦尔达》，无疑也是一部关于中国电影的中国电影，也是，有些东西无关生死，那就是传唱千古的文艺。,01-22
宋小卡,5,"众所周知，全球顶级电影大师，都是在70 岁后迎来创作新巅峰，比如伍迪艾伦，雷德利斯科特，伊斯特伍德甚至斯皮尔伯格……目测我国师最近 2 年也进入了 70+高能通道，《满江红》真的是集自己导演生涯之大成，甚至可以说是多次自己致敬自己哈哈哈，直接干出一个 悬疑爱国主义喜剧 新类型。
演员全员演技炸裂，沈腾雷佳音张译岳云鹏都绝了，易烊千玺又塑造了一个全新角色，简直新生代演员之光。
首映场我身后观众全程大声爆笑，结尾多次鼓掌，结束回头发现他们是:左凌峰王皓张唯伊阿奇与阿诚……等。
大胆预测，今年过完春节，全国人民都会全文背诵《满江红》！",01-22
嘟嘟熊之父,4,"饶有趣味的空间结构：深宅大院，窄巷高瓴，用简洁的建筑线条勾勒出一座迷宫（牢狱），间间密不透风，又处处匿影藏形；当场景转向门外待命的千军万马，又如辟出一条被风穿堂的活路，命数已尽，壮志必酬。

情节的强度与反转无关，而是人物的台词、眼神、表情、动作本身被组合成一幕幕追逐，融合了机锋、幽默、悬念、热血、嘲讽，表演伪装和真情流露也被揉作一团，当幕间曲响起如摇滚/电子乐般的豫剧，时空如被瞬间打通，狂躁的宣泄，肆意的游乐。",01-22
土土老师傅,3,杀了可以，别糟蹋她！Excuse me？,01-29
山芋,3,有匠气没灵气，有演技没真情,02-06
大妇女,4,喜欢张译！一张古人的脸。,01-23
R4n9。,5,刚开始以为红的是血，看到一半发现红的原来是樱桃，但到结束才醒悟真正红的是心。,01-24
kim899,5,大师多多拍电影吧，爱惨了这个故事，搞笑之后狠狠被感动了，真的很厉害。沈腾也很给力！！！,01-22
青婉黎,1,"就是一乐 但是不尊重历史 不配拍岳飞的相关事件 不配叫满江红
",01-29
西西子,5,好喜欢最后的结局！但是张大和瑶琴那段不喜欢，很尴尬,01-23
辉夜姬,3,喜剧的形式或许是对历史的戏谑，既然如此，末了突然的认真，细想就让人觉得味道不对，情绪太直给太单一，缺少了解构的玩味空间。在人人自危各怀鬼胎的宫院里苟且偷生，棋子草芥也要纵横穿梭来追逐时间，嬉笑怒骂回应必死的命运，又或许还有比生命更加重要的东西。满江红，是杀伐果决的红眼，是血流成河的惨烈，是暗红的血性不露声色，是怒发冲冠的英雄们不留名字。本身是各种张艺谋标志元素的大杂烩，作为贺岁片已经算超额完成任务。摄影非常失望，部分画面甚至感觉在看电视电影，是城府之间的一次次疾走和怪有意思的电子戏曲配乐维系着电影感的存在，也反映出导演的玩耍心态。结尾联想到课文背后历史的厚度止不住流下眼泪，但同时又感觉数百官兵齐诵《满江红》的画面有一种意淫的尴尬和荒诞，大张旗鼓的煽情是最平庸的“升华”。,01-23
同志亦凡人中文站,3,刺秦是表怀岳是里。这个古装版“风声”有点为反转而反转的意思了，但国师年逾古稀还有这么旺盛的创作欲rio厉害，而且题材还不带重样的。层层青壁构建的空间感不输给早期的大红灯笼，就是那些自以为是的幽默大可不必...,01-26
qqbb,5,国师的电影质量我一直不担心，这次更是给了我惊喜！今天算是二刷了，因为之前首映礼看过一次，全员演技在线，剧情更是反转反转再反转，很刺激，有泪点也有笑点，非常适合春节档！！另外不得不说易烊千玺演技又进步了，台词也好，尤其是最后那几个镜头那几个眼神真的很牛逼！当时首映礼观众全呼孙均牛逼！！还有一点，大家有注意到吗？满江红的配乐也很让人惊喜,01-22
桃花鱼,3,为赋新词强说愁,02-08
心眼刀,3,张译和舞姬进屋审沈腾我就知道张译要被反杀，一点悬念都没。,01-26
可乐猫,2,像是一个大杂烩的电影，四字表演真的演啥都一个样,01-22
惊蓬,3,是近几年老谋子持续稳定地输出里看得最舒服的作品。值得欣赏演技，但不值得盘故事逻辑。两星张译，一星雷佳音。王佳怡是美的入戏的，可恕我不能接受对女性角色定位以及男女人物关系的刻画。,01-22
酒壶小,3,不难看，就是太满了，无论反转108次所以显得很刻意的结构，还是后半段出现太多次的强行上价值毫无留白的台词。有一些未解之谜亟待解开：1.瑶琴的口红啥牌子怎么一天一宿不褪色？2.沈腾的演技到底比其他所有人绑一块儿好多少？3.豫剧比故事高三个还是五个档次？,01-22
death,3,让张震来呀,01-25
co-neno,3,要是能在张大死那里结束就好了，后面都是孙均编的影的翻拍。,01-24
欢乐分裂,2,"成也反转败也反转，反转犹如一部好用的永动机，练手《悬崖之上》之后继续升级，以往作品大集合+类型大乱炖的基础上，源发于一个架空概念的疯狂猜谜机器产生了，它永不停歇（是的结尾你还可以反下去），无需讲究常规逻辑和人心变化，只要在观众脑海中兴起接近“思考”的漩涡就能赢得爽感，从现场反应来看无疑是成功的；估计也是春节档对观众最友好的一部――借人物之口捋得清楚明白，然而悬疑氛围也大打折扣。

个人观感不能称之为“电影”，而是春晚小品集锦（大量篇幅花在群口相声上，倍感煎熬），人物不断被添加本身就是偷懒做法――人工痕迹的叙事盘扩充，而非剧情本身产生的戏剧力；最终诉求（人海战术的自我感动）与表现形式（戏谑与庄重的奇特混合、戏曲转场）呈现断裂，于是会产生非常古怪的叙事节奏体感。",01-25
西楼尘,4,深宅人人求生渴求一封密信保命，江湖人人求死换取一篇遗言复诵。大族宅邸满墙媾和之约，风波亭内名将临终喟叹，皆被剐了干净。有的字句成为免死金牌，有的诗词成为午夜梦魇。笼里的军鸽色若乌鸦，砚下的白纸写满谎言，背上的刺字状如死誓，手心的樱桃堪比赌约。赌一场前仆后继的局，换一曲传世满江红。,01-23
马二,3,"本质上来说，这是一部《大山的女儿》《任长霞》般的传记剧，观众或为之泪流，但感动他们的不是作品本身，而是原型人物的伟大。
张艺谋俗了，俗得彻底。不知道七十岁的他梦回昨日，是否能看到三十岁的他在冷笑。",01-25
Oliver,1,再为他多花一分钱买电影票都对不起我小镇做题家的称号,02-01
ililevi,4,要是最后孙均没有反水，那将是绝杀,01-25
橘月一十八,3,为了刻意弘扬家国情怀，搞得毫无逻辑可言。不是不喜欢爱国影片，只是想要恰到好处的，自然而然的。最后士兵一齐念诗的场景，只感到了尴尬。,01-27
乌鸦火堂,3,"不错，但看过原剧本，成片效果最多3.5星。

原剧本没有任何喜剧元素，是个阴冷的密室杀人+政治惊悚故事。喜剧是后加入的，导致喜剧与悬疑就是两张皮，删了喜剧非但不影响剧情还能加快故事节奏。由于是后来者，喜剧空间也有限，就是演员效果，以及辈分互换的反差笑料（剧本里张大是孙均的舅舅），差异有多大？除了千玺和张译，其他角色风格跟原初都不一样。

为了迎合市场，也是张艺谋的妥协（为了换取磐石的公映？），但基本盘还是优秀，国师极力把控两种风格的平衡。在高度威慑机器的笼罩之下，所有人如履薄冰，而此时被赋予的权力，可以成为活命的道具，也可以死亡的催命符。

所以该片在“政治惊悚”层面上的深度，要比悬念营造完成度更高，有点韩国同类电影的味道了。",01-23
靴子中的猫,2,蛰伏数年，牺牲多人，就为了让秦桧背诗？,01-29
麻酱.,5,一个70岁的人还能随着自己的心意，去大胆尝试最新鲜的东西，是人生一大幸运，国师就是国师，牛逼说倦了。好多人才2、30岁，对不符合自己心意的东西反感排挤的那叫一个令人惊叹，明明在最年轻的年纪，活得封闭又狭隘，了无生机。,01-24
承恩,2,真就动不动就砍一刀 你以为你丫拼多多呢,02-04
己注销,3,"7分
道理我都懂，但想不明白为什么要用那么复杂的嵌套讲一个这么浅白的故事。
两场爱情戏尬得哟～最后十分钟的真假勉强加了一点分。",01-25
莲945,3,一堆人谋划部署许多年，居然只是要得到岳帅遗言？而且不杀秦桧说让他遗臭万年，那留下他他岂不是可以害死更多的忠诚良将、跟金廷更多地勾结起来？这逻辑我是接受不了,06-17
见习阿恰,3,"家国情怀下反复提及的“女人守节”让人很割裂。
这片子里的女性“角色”跟好莱坞电影的亚裔一样，只是一个符号。
还有这吹上天的反转就一点儿铺垫不给硬转啊。",01-29
胡椒粉,3,full river red是我英语水平的译名,02-03
赫恩曼尼,4,可以看出老谋子还是想表达一些东西的，比如：历史是如何被书写的，名不见经传的小人物是怎样在夹缝中求生存的，个人的力量能在多大程度上改写历史走向，捍卫集体记忆常常需要以生命为代价，以及人性是复杂多变的。然而这些东西被花里胡哨的反转、刻意为之的喜剧包袱埋得严严实实，一如既往塞得满满当当，丝毫不留余地。看到最后全军复诵、小女孩抱着石狮子，差点儿以为下一秒奥运会就要开始了……,01-25
Charles,3,戏剧化的东西，过于戏剧化了。给人一种某个角色的死就是被编剧写死的感觉。,01-23
Context,3,老是反转，“其实。。”“事实上。。”“这个局。。”，老有人跑出来说我在第x+1层，就没意思了。还有最后念满江红，真的太，一言难尽。秦桧你最后怎么像坏掉了一样？遍布其中的一些小笑点蛮不错的。不然就真的啥没有了。,01-22
crystalliberty,3,这bgm怎么回事，本来要睡着了结果被音乐吵醒了,01-28
米开浪基?洛,3,"反转是挺多的。不过岳云鹏还是太出戏，雷佳音的秦桧也有点莫名其妙…
整部电影感觉像个情景剧或者舞台剧。总有故弄玄虚的感觉。
配乐很失败，想表达紧迫动之感？需要这样突然的一惊一乍吗？声音总是突然性那么大声，搞笑成分不足，卖弄感很强。",02-03
遇见未知的自己,5,四字最后和雷佳音对戏那段他真的好到爆炸了，他所有的戏份都轻松拿捏，非常自然，结局真的燃炸了，反转又反转，说真的孙均这个角色需要他自己的灵性，也要有他那独一份的“孤”，四字演的很棒，,01-22
加州拉面,4,国师就是国师，最后整得跟奥运会开幕似的！,01-25
Mr陈,3,及格线上下吧，喜剧悬疑两张皮，喜剧是小品水平，悬疑是网文水平,01-28
Wooooow,4,雷佳音值得一个最佳男配…,01-25
九路巴士夜间线,3,除了易烊千玺之外的其他演员都还不错…然后摄影加一星吧…到底为什么有这样的精神胜利法啊，放着仇敌在面前不杀，背完诗要留他被万世唾骂？？,02-07
MR.二七一四九,4,宋朝人记性真好,01-25
你也是小狐狸吗,3,"前半部分的确很像剧本杀，画面不错，谋略一般。
后半部分“全军复颂”那段很感动，也能看出拍电影的人心怀大义。到最后小桃子和全军又念了一遍《满江红》送他们走。单纯无邪的小孩子+万众一心的一大群人，不得不说还真是导演惯用手笔。

“没和金人睡”和“让士兵演给你看”这两句话真的是有点无语。根本无人在意这个好吧，如果真不想有这种情节你就干脆别拍，又演出来了又要自证，果然是把贞洁看得比性命重的老男人。",05-31
药效很慢,1,把自己的名声整的也快跟秦桧差不多臭了。,06-24
袁长庚,4,当然，有很多批评工具可以在此使用，但是置身历史之内，还是会被一个单纯到近乎痴傻的童话触动：杀几个坏人，爱几个爱人，舍生死明大义做无关乎眼前富贵的蠢事，并且，相信一首诗。,01-25
豆友211775620,2,不喜欢，全程冷漠脸，无笑点，尬到睡着。,01-25
暴富小草莓??,2,两颗星给沈叔叔，看到有些对女性不友好的性擦边不喜欢,01-24
jkkimi,3,前岳家军成员沈腾一伙前赴后继靠近秦桧，不是要杀他而是要他当众全篇背诵满江红……最后全部牺牲感动四字，四字逼迫秦桧替身完成背诵，引出真秦桧，四字不杀秦桧，让其活着承担骂名……？悬疑不足，尬红满屏……,08-05
流浪的加菲猫??,1,真上当了！大导演张艺谋拍这样的烂片对得起自己吗？看了二十分钟不知道在干嘛，除了杀人没有任何剧情。和闺蜜坚决提前退场，不如逛商场。没看的千万不要去浪费钱，太烂了！中国电影还能看吗？有真事吗？亵渎观众！,02-02
可爱蓉蓉,5,这几年国师的作品真的都很可啊，这剧情反转太刺激了，千玺弟弟这演技又进一步了，这个很复杂的角色拿捏地太细节了，腾叔小岳岳张译大头也一个比一个有看头，还没去看的可以冲了,01-22
小程同学,3,前后使用了苦肉计，欲擒故纵计，师徒配合砸车计，稀里糊涂突然落锤计，张艺谋只用了一计，将计就计，送张艺谋一计，走为上计，是不是很大胆?,04-30
Huxley,5,小楼上的那段吹爆，孙均，少年将军，热血难凉！,01-22
Evona,2,冗长 无核 不值得二刷的电影,01-24
有心打扰,2,两个半小时的尔虞我诈，又臭又长，难以忍受。选角失败，让人出戏。我提着大红灯笼走进南宋府邸找笑点，看见的全是张艺谋过去众多作品的元素采样拼贴，一个都不能少，却一点也不出彩。,01-24
沈怀周,1,人物动机不够充分，人设用力过猛，整个戏为戏剧性故意戏剧性。还是喜欢《活着》，太使劲儿不好看啊，人都狰狞了。,01-27
日后必有重讠射,2,王朔很多年前说起老张，说老张你已经不缺钱了，多拍点有意义的东西吧。而我想问老谋子。啥时候再拍个红高粱类似的电影啊！？,01-29
HAL,4,张艺谋x开心麻花，剧本杀电影，概念好，戏一般，反转略硬，也不太自然，但应该近几年国师商业性最强的电影。喜剧，悬疑，粉圈，家国情怀，面面俱到，这公约数取得可以。喜剧部分挺俗，但没有三枪的本山大舞台俗，还算能接受。可怜易烊千玺，比不过沈腾张译就罢了，雷佳音戏份少没法比，可是连岳云鹏都比不过真说不过去，跟木头桩子一样，只能说一句德不配位必有后罪吧。结尾挺国师的，重现了他在奥运的小设计，算是行活中的一个小亮点吧。,01-22
沁七七,4,除了真假秦桧，其余的反转，并不感觉意外。不喜欢转场的bgm，让我有些跳戏。不知道是为了营造喜剧的点，特意找了两位喜剧演员，还是如何，喜剧元素在电影里略刻意。整体还是值得一看的。,01-23
柠檬汁儿,2,今天去看的，一分给沈腾，一分给张译，多了打不出，当喜剧片看笑点挺硬的，当悬疑片看逻辑不强,01-23
弓虽哟,3,背诗有点尬住，全程的反转也就还好，突如其来的鬼畜背景音乐，让我坐如针毡。个人不太喜欢。,01-29
弋,5,理智看满江红约等于流浪地球2的质量，但感性上我偏向于这部，张艺谋创造了这类型片中剧情张力最好的一部电影。雷佳音和易洋千玺，沈腾贡献了各自影史最好的演技（四字一部分得益于这个角色的性格）。当听到全军背诵满江红时，哪个中国人能不满含热泪，“三十功名尘与土，八千里路云和月”，结构与影非常类似（我特别喜欢影这部电影，感觉是完全低估了），质感上有所差异，剧情上有所弥补过失。想到这又想说，中国教育如果都能以文化输出作为载体，创造出这样一个又一个有趣又保有内涵的电影，谁能记不下唐诗宋词？,01-25
LEON,4,最后有点垮，应该是为了，整体还行,01-22
远子,3,这个结尾似乎打动了很多人，尤其是文字工作者。它确实很像是“作家”的自我感动：语言万岁，诗歌永恒，历史会通过文学会给你正名。但为了留存一首诗送命与为了政治目的鼓动人民去送死又有什么区别，前者可能更反人性，因为你得到的是更缥缈的东西。而且关键是，历史会给你正名吗？历史人物在普通人那里得到的评价几乎没有一个是符合史实的，很多时候甚至是颠倒黑白的。现实中的政治总是会出于意识形态的考虑，用主义的模板去褒贬历史，并将这种评价写进教科书里让全民背诵。所以，寄希望于后世的评价，其实是在否定革命的意义，也是知识分子抛弃历史责任，躲进幻梦之明证。,07-26
炫彩菌子,4,别名《奔跑吧兄弟》,01-23
frozenmoon,4,1.从类型上讲，玩成这样已经很好了，故意的反转不让人觉得刻意，一层一层的铺垫和剥落也都踩在实处。2.前三分之二的剪辑，一幕一幕间的起承转合的节奏有一点奇怪，不知道出于什么原因，接得太紧。3.可解读可玩味的当然很多，也就不必解读了。从此有了《满江红》，那几千人杀不了了。这结尾的悲壮也没流俗于煽情。这电影的优点在于收束，而不是铺张，本分地做一个纯类型故事。4.说过很多次，张艺谋是被误解最多的导演，他靠时间和新片去打扫那些误解，而不是依靠解释去打扫。,01-22
黄青蕉,4,这要是个剧本杀倒是非常优秀的产品，每一个小节设计都是为了强行制造出乎意料，再悲壮的死局都要从头俏皮到尾，一种过剩的服务精神，务必确保每个玩家有笑有泪满足好评。这么看漏洞百出好像也不太重要了，很明显人家追求的就是体验感大于合理性,01-23
谁在嘲讽我,4,一首《满江红》比放过一个秦桧还重要。其实可以等价替换为精神与理想的传承比除掉眼前肮脏的龌龊重要，思考了很久很久，总是没有答案。,01-25
荔枝超人,3,国师还是国师，用这种年轻人喜欢的桌面游戏形式给大家上一节这样的历史语文课，轻轻松松收个几十亿，问你服不服！（电影演到小半的时候我听到影厅里一个小伙子声音问旁边人，”这是宋朝吧？“，嗯，相信这堂课会让他受益匪浅了）。除了诗歌朗诵外，张导还不忘三番四次苦口婆心引导大家，这个是叫樱桃，我们国家很早就有的了，就不用再迷恋现在那些进口贵得要死的什么“XX子”了。,01-25
别扭大菜,4,反转太多，音乐太响。,02-03
佑秦,4,在国师近几年的片子里算不错 多种元素融合+多重反转 就是结局的满江红根本撑不起整个故事的题眼和动机,01-22
1806,4,岳飞本来就和国师一样，拥有着最踌躇满志的初心，故事背景一旦放在了800个心眼子才能存活的小社会，那些词作中闪烁出的人性光辉，才是人类文明最珍贵的宝藏。请大家一定要相信，电影可以造梦,01-23
寺司_,4,还挺有意思的，在大众娱乐性和自己的格调之间找到了一个平衡，我还挺乐见市场多一些这样的电影的，既能爆票房，也不输格韵,01-26
科林,5,"花火樱桃红玛瑙，烛光矛须大红袍。鲜血艳唇花发簪，青绿迷宫藏黑鸟。
国师之集大成，色彩一如既往古韵又革新（《红高粱》《大红灯笼高高挂》），陕西民歌激昂咏唱（《活着》），商女不知亡国恨（《金陵十三钗》），行刺（《英雄》），替身（《影》），化繁为简同步叙事以小博大（《狙击手》），延续《三枪》喜剧悬疑惊悚，及从《十面埋伏》始至《悬崖之上》几近部部作品均在修炼的内奸反间碟中谍，外加恰如其分的选角（雷佳音演技狂飙），观感精妙入神！",01-23
晴寂,4,雷佳音和沈腾的演技是出乎意料的好，yyqx还是太过稚嫩了，挤眉弄眼而缺乏了驾驭一个少年老成将军的沉稳。剧本很不错，反转自然、节奏紧凑。emo的对称式摄影运用特别让这种方方正正的结构非常漂亮。总体来说不会二刷但不虚此行,01-24
迩卑,4,张译演技真好,01-25
小植野,4,佩服国师，能把这么一个家国情怀的故事处理成这样，看完这部也明白了为何前两年那两部的尝试，某种程度上甚至是《悬崖之上》和《狙击手》的优质结合体。一直在「小」与「大」的互相对应，小是小人物，小场所；大是大时代，大算盘，大格局。前期保证了猜忌与背叛的同时，随着剧情深入，景别转换达成了每个人物身上互相的猜忌，观众对他们的怀疑，不断的踢皮球抽积木一般，在不知者无罪的基础上冷幽默层层加码，时而再通过一个接一个的爆点刺激观感再颠覆观众目前固有认知，最后反转不断兜转，上升到前期难以想象的家国情怀，最后也能理解了前期孙统领表情变化所埋下的人物性格伏笔。而从寥寥几句台词也能看出，并非是历史的重新演绎，更像是在知晓后代历史之后，通过影像的方式描绘那个猜忌背后所共同藏有的家国情怀。,01-22
空语因明,2,把爱国当生意做，是对爱国主义最大的侮辱，同时也很好诠释了【大奸若忠】。无论从情节和演技，还是从主题和票房来看，都是对全国观众的一次极大的讽刺。正是那些被当成幼稚园学生的观众，捧起来了最虚伪的“爱国题材”……明明天朝有实打实的历史，却非要向美国人学“情节虚构”，还要虚构什么“中国情怀”，呵呵,04-28
总有人称赵老师,2,背课文真的尬住了…就…非得上价值吗…,01-24
Anthony Lee,5,"怒发冲冠，凭栏处、潇潇雨歇。抬望眼，仰天长啸，壮怀激烈。三十功名尘与土，八千里路云和月。莫等闲，白了少年头，空悲切！
靖康耻，犹未雪。臣子恨，何时灭！驾长车，踏破贺兰山缺。壮志饥餐胡虏肉，笑谈渴饮匈奴血。待从头、收拾旧山河，朝天阙。",01-25
Yooa,2,真把我惊呆了，越是这种烂片票房越高，难以想象以后还会有什么电影人用心用时间做电影。。。,08-01
mumudancing,4,《灯笼》的景，《三枪》的调，《金陵》的烈女《悬崖》的计，《英雄》的刺客结个局，齐活了～,01-22
Yooa,2,真把我惊呆了，越是这种烂片票房越高，难以想象以后还会有什么电影人用心用时间做电影。。。,08-01
张小北,4,对张艺谋导演来说，我越来越期待他之后的创作，看看他还能给我们带来什么惊喜。（豆瓣的5星制让我很纠结，本片就卡在4.5星，4星5星都不够客观。现在我决定退半步改为4星，因为票房口碑都不错，不用雪中送炭也不必锦上添花。）,01-23
流浪的加菲猫??,1,真上当了！大导演张艺谋拍这样的烂片对得起自己吗？看了二十分钟不知道在干嘛，除了杀人没有任何剧情。和闺蜜坚决提前退场，不如逛商场。没看的千万不要去浪费钱，太烂了！中国电影还能看吗？有真事吗？亵渎观众！,02-02
九路巴士夜间线,3,除了易烊千玺之外的其他演员都还不错…然后摄影加一星吧…到底为什么有这样的精神胜利法啊，放着仇敌在面前不杀，背完诗要留他被万世唾骂？？,02-07
你也是小狐狸吗,3,"前半部分的确很像剧本杀，画面不错，谋略一般。
后半部分“全军复颂”那段很感动，也能看出拍电影的人心怀大义。到最后小桃子和全军又念了一遍《满江红》送他们走。单纯无邪的小孩子+万众一心的一大群人，不得不说还真是导演惯用手笔。

“没和金人睡”和“让士兵演给你看”这两句话真的是有点无语。根本无人在意这个好吧，如果真不想有这种情节你就干脆别拍，又演出来了又要自证，果然是把贞洁看得比性命重的老男人。",05-31
oranges,2,"真是又臭又长~
剧情烂 表演尬 配乐拉 逻辑漏洞一大把（偶尔配合角色动作的锣鼓不错，那些一惊一乍的唱腔简直尬到脚指［不是说这东西不好，是不搭 非常不搭］）...
还有 时不时地插科打诨的“搞笑”真是可笑至极！",05-04
法外狂徒皮埃罗,4,很少见的张艺谋让步了对视觉色彩的极致追求而注重叙事结构。层层交叠的屏风与七拐八拐的暗巷锁住这场迷局，将越来越多的局外人卷入其中，你能猜到局部而猜不到全局。不仅是无尽的反转，演员极致的表演同样加深了故事的层次。有笑有疑，有情有义。喜剧部分意外的好，配乐有惊喜。,01-22
慕容复,4,在影院里感觉片子挺精彩的，算是最近几年最佳贺岁档之一了。不过回到豆瓣上看到友邻们的一星评价还挺意外的，比如不符合当时历史时期的服化道台词、反转多到疲惫、结尾强行拔高？当然这些问题或多或少都存在，但在我看来实在不至于严重到影响片子的观影体验，甚至达到1星的程度。我不禁诧异，人类的情感为何如此不相同？认可批评，但我不理解这些一星。,01-28
jkkimi,3,前岳家军成员沈腾一伙前赴后继靠近秦桧，不是要杀他而是要他当众全篇背诵满江红……最后全部牺牲感动四字，四字逼迫秦桧替身完成背诵，引出真秦桧，四字不杀秦桧，让其活着承担骂名……？悬疑不足，尬红满屏……,08-05
WalkerOrange,2,我仿佛看了两个多小时明星玩剧本杀的综艺节目，就这剧本是怎么有胆子号称自己是悬疑喜剧片的，全片看下来我既没笑也没觉得有多悬疑，也就些毫无意义的反转罢了。稍微带点脑子看，就能明显的感觉到各个情节的毫无逻辑，本身这部电影的剧情大纲就有问题，导致了随着剧情的发展，就觉得越来越怪，所以为什么刘喜要揣着信去刺杀何立？为什么这帮人干这么多蠢事到头来居然不杀秦桧就为了把刀架他脖子上说出满江红？为什么秦桧明明是自己派的替身去的大牢，这么谨慎聪明的人到替身死了才想到岳飞有遗言这事可能是替身传出来的等等等，就观影过程和结束后，我满脑子全是疑问，这片你只要稍微细想一下全是剧情bug。很多所谓的细节，很难过，但不得不承认就是国师对他崇拜的某几位前人非常拙劣的模仿,07-04
小程同学,3,前后使用了苦肉计，欲擒故纵计，师徒配合砸车计，稀里糊涂突然落锤计，张艺谋只用了一计，将计就计，送张艺谋一计，走为上计，是不是很大胆?,04-30
弓虽哟,3,背诗有点尬住，全程的反转也就还好，突如其来的鬼畜背景音乐，让我坐如针毡。个人不太喜欢。,01-29
冰糖葫芦娃,2,张艺谋对贞洁真够执着的，还特别爱在大银幕上开裤裆那点事的玩笑。这个不能拍，那个不过审，但是小孩子可以在电影院看这些血腥、暴力、低俗的场面，无法理解。,09-05
沈怀周,1,人物动机不够充分，人设用力过猛，整个戏为戏剧性故意戏剧性。还是喜欢《活着》，太使劲儿不好看啊，人都狰狞了。,01-27
Carly,2,让我想起年少陪奶奶看的市集大戏，热闹而无逻辑和内涵，甚至还有些低俗，也许是为了迎合男性社群，本可以六分，但因这点让人厌恶。,01-29
远子,3,这个结尾似乎打动了很多人，尤其是文字工作者。它确实很像是“作家”的自我感动：语言万岁，诗歌永恒，历史会通过文学会给你正名。但为了留存一首诗送命与为了政治目的鼓动人民去送死又有什么区别，前者可能更反人性，因为你得到的是更缥缈的东西。而且关键是，历史会给你正名吗？历史人物在普通人那里得到的评价几乎没有一个是符合史实的，很多时候甚至是颠倒黑白的。现实中的政治总是会出于意识形态的考虑，用主义的模板去褒贬历史，并将这种评价写进教科书里让全民背诵。所以，寄希望于后世的评价，其实是在否定革命的意义，也是知识分子抛弃历史责任，躲进幻梦之明证。,07-26
荔枝超人,3,国师还是国师，用这种年轻人喜欢的桌面游戏形式给大家上一节这样的历史语文课，轻轻松松收个几十亿，问你服不服！（电影演到小半的时候我听到影厅里一个小伙子声音问旁边人，”这是宋朝吧？“，嗯，相信这堂课会让他受益匪浅了）。除了诗歌朗诵外，张导还不忘三番四次苦口婆心引导大家，这个是叫樱桃，我们国家很早就有的了，就不用再迷恋现在那些进口贵得要死的什么“XX子”了。,01-25
yilian,2,不好看，哪哪都不对！,01-30
Sn,4,卡司强大，戏剧效果很好，不过何大人的死比较降智，结局也没收好。,01-24
是菲奥娜呀,2,悬疑和搞笑搞笑无法并存。还是好好搞一个吧。买了最早场，有点失望,01-22
内陆飞鱼,4,秦桧看了想和岳武穆握握手。岳武穆看了想和张艺谋拥拥抱！,01-23
LORENZO 洛伦佐,2,刚开始还有点大红灯笼高高挂的审美，之后就开始抖包袱成了小品但起码也可以当喜剧看，但最后半小时开始各种刻意反转、疯狂煽情，还要硬上价值，观感真的一落千丈，让人生理不适。,07-25
Fiona是小结巴,3,确实就是个7分的电影，这个评分到也中肯。满江红确实不是烂片，甚至有些地方让人触动。但在这个春节档，他的质量确实不配拿年级第一。,02-01
豆友195174662,1,之所以会评一星，是因为打分最低只有一星，感谢满江红，让我浪费流量去下载豆瓣，亲自给你打分，从这一点上你比任何一部电影都成功，心疼我那60块钱和两小时四十分钟，目前处于极度后悔中，长时间无法走出来,02-08
|方~肚白,3,英雄和三枪拍案惊奇的结合吧,01-23
jennifer,2,完全的失望 几个喜剧人插科打诨 没啥场景 打着emo的名 可能是为了档期而制作的吧,01-25
CatHEagle,4,有时候假身比真身好用,01-22
记不记得,3,也许是因为刚去过抗战博物馆，像这样动人的诗词或者故事，其实你只要读烈士生前的事迹，哪怕是一个最普通的士兵他的事迹一样震撼，所以故事本身带给我并没有那么强的触动。我的评价是：不如流浪地球,01-31
王仙客,5,剥洋葱式的结构，用层层反转触及事件的核心，全片以中近景为主，用跟拍镜头领着观众跟随角色走向故事的中心，最后我们恍然大悟原来是这样。解构历史，秦桧背出满江红的时候热泪盈眶，这时我们都以为那是秦桧然后不解，此时电影最后一次反转也是最妙的一次。其实最触动我们的还是岳武穆的故事和他八千里路的云和月。,01-24
christal,5,老谋子看来是真的悟了，这毫无疑问是他个人风格与大众娱乐结合的最好的一部。观影感觉超出预期，看的深夜场，原本感觉亢长的近三小时一晃而过。很久没看过这样一部煽情恰到好处，反转不显突兀的国产电影了。值得五星。,01-26
仲子曰,5,"国产电影长期以来因受文艺政治论三突出原则的影响太久太深，一贯叙事简陋且一本正经，人物形象的设计比较刻板化，缺乏必要的铺垫，戏剧性冲突不够，细节上也经常乏善可陈，招致了不少恶名。
本片叙事长度足额，堪称大片风范，人物刻画细腻，一众演员的表演可圈可点，编剧做局过程中的喜剧因素、悬疑因素收放自如也比较到位，颇有欣赏性。",01-22
想继续睡??,1,emo的古装确实不应该有什么期待，三枪的喜剧元素加影的灰仆仆画面加十面埋伏的无逻辑剧情,01-22
33岁帅气上班族,2,又难看又粗制滥造，张艺谋晚节不保！,02-03
淋,1,沈腾，岳云鹏，四字，演技一个赛一个的烂。。。。转场的配乐差点听吐，年度烦人大作,05-10
哈哈大笑每一天,1,为沈腾买的票，但是看完好失望，易烊千玺的演技一直原地踏步，演什么角色都给人一样的感觉，我不该有所期待的,01-22
深情小司,2,不伦不类，太黑了，喜剧也不出彩，最后强行悲剧圆有点尬,01-22
方头虾,1,这个故事主角团的行为逻辑真的很搞笑，他们前赴后继就是为了把《满江红》传播出去，不杀秦桧为了留着他活在世上被万人唾弃??，怎么不看看自己说的啥啊，说得通吗？,08-10
匡轶歌,4,如果最后能把秦桧杀死，我愿意打5星。本来嘛，藉着沈腾、小岳岳和张译的扇子、摇滚的豫剧、重复的走动转场，已经把嘲谑的基调铺到满格，这原本就是一个纸上的推演游戏，创作者也一再强调本故事纯熟虚构，那何必束手束脚，索性把架空玩到尽头玩到癫狂，像昆汀在《无耻混蛋》中杀死希特勒，斗胆颠覆和重写历史，拿出点“天不杀你，我杀！”的气概，彻底完成电影的造梦功能。而现在的结局，那么多鲜血与生命拿出去祭了一首词、一个理念，观众看得满头黑人问号。好人之所以孱弱，总在坏人面前吃瘪倒霉，就因为爱自欺欺人，相信这些虚头巴脑的东西。碰到祸国殃民、为患世间的大奸雄，好人该做的是鸡哔而不是放生。杀死秦桧和让他承担永世骂名，又不是二选一的互斥关系，当然可以既要又要还要。好人的动机梳理不清，整个复仇计划的逻辑都显得虚浮。,09-26
素女子,5,易烊千玺的台词感又进步了。,01-22
LittleFanFan0,4,这个刺杀行动最终目的个人感觉有点迷,06-08
毛毛雨,4,全程一直处在“我倒要看看你还能怎么反转”的状态中，直到看到秦桧饱含激情地背诵满江红，他甚至还想再背一遍……,05-07
L?wechen,5,沈腾不太适合这个角色，到最后他的嘴都是歪着的，让人看着都那么别扭，演郝建真的是演上瘾了，始终跳不出来，倒是易烊千玺，演技的前后反差感挺大，挺有惊喜。还得是张译啊，这个角色阴狠毒辣演绎的淋漓尽致，岳云鹏蠢中带着点心机居然展现的还挺好。演瑶琴的演员以前没看过她的戏，但她通过每次的小细节表演，完全证明是个演技派，未来可期啊。雷佳音演出了秦桧的老成阴险，还有他历史上惯有的胆怯怕死特征，让后面的反转顺理成章。不太喜欢的是每次跑动时的快板豫剧配乐，一次两次听着很新鲜，但每次都这样显得有点老套嗦，其实每次换成不同的剧种或者不同形式，能反映不同的心理状态，也能让观众有期待感，内容尽量都换成跟岳飞有关的戏曲选段，应该不难。不过整体观感是不错的，作为古装悬疑喜剧片，张艺谋都做到了。,01-25
Summers,2,开始的莫名其妙 发展的索然无味 结束的如同儿戏,05-22
恶魔的步调,4,国师这几年真是高产，降低了自己艺术方面的要求，平衡了叙事，利用更商业化的框架让故事变的更加平易近人。一个不同的题材接着一个不同的题材，角色、风格多变，给人并非单纯重复的感觉。非常有某些大师晚期的感觉。 回过头来看今年春节档，说故事上不炫技只是说故事的，大概也就满江红吧。,01-22
JWKLt,4,"后半段拍的太遗憾了，感觉怪怪的
前半我真的很喜欢，很精彩有笑点有智斗",01-25
雨前羽街,4,这是我看过岳云鹏演的最好的一部电影了,01-23
雁城,3,#北京首映# 掺杂了太多段子和悬疑反转，但最核心也最理想主义的一件事无非是：那些强权真正抹不掉的字，是写在白纸上的。它最终会口口相传，然后万事留芳。第五代导演这几年和古诗词杠上了。张艺谋的满江红，陈凯歌的长恨歌。也可见张艺谋的浪漫是属于义的，而陈凯歌的浪漫是属于诗的。,01-22
zh@ng,2,为了反转而反转，说历史片又不够严肃尊敬，说喜剧片，又不够好笑。拿合家欢做噱头，又有血性和黄腔。,01-27
开膛手贝塔,1,明明是小品，非要装成大片，明明没有情怀，非要卖情怀…,05-02
柚子好好吃,5,看完立马推荐给所有朋友，沈腾太好笑了。。。。有笑点有泪点反转到最后雷佳音那里太搞笑了,01-22
某J。624,3,俩小时极限（可看），后半小时坐立难安；虽然“怒发冲冠，凭栏处、潇潇雨歇”并非出自岳飞之手，却的确是首热血激荡的好词，全军咏诵很难不令人触动，可是一想到所有的潜伏牺牲都只是为了让秦桧背遗言（逻辑bug都不提了），对不起，这不是浪漫的英雄主义，这只是创作者自以为是的自我高潮。不仅是下令处死岳飞的皇帝隐于幕后――尽逮着置于强权下的棋子狗咬狗，并且甚至都没想过要秦桧的命；让他活着被万人唾骂？何其可笑，真以为秦桧在乎？更何况位高权重谁敢当着他面骂？死后塑像跪着被人吐唾沫又能伤他几分？不过是世人意难平的宣泄。P.s.非常直观地感受到了演员之间的差距。,06-19
阿瞒冲起来,3,这呱噪的过场音乐真吓人,04-30
Elma,2,有点无聊 中间差点睡着了 满江红好像跟岳飞遗言没有关系吧……,01-28
莱塞,4,只能说热血沸腾并且恰到好处,01-22
lzy_ss,3,普普通通，应该严肃的片子，硬是加上喜剧,01-22
abracadabra,4,四字弟弟真的是养成系，从来不会让人失望，要颜值有颜值，要演技有演技。,01-22
Constantine,2,剧情让我想起了雷人这个词,02-04
怪兽维克,4,满江红还是蛮值得一看的，全篇节奏把握的非常好，唯一碍眼的槽点可能就是最后为了让“好人”赢，强行给张译的角色降了智。结尾连背两遍满江红也是大可不必，我想大概是背给审核部门听的。,02-01
-Chakbun,3,同事跟我把这部电影吹的天花乱坠，花四十块钱浪费了两个半钟，要喜剧没喜剧，要悬疑没悬疑，要演技没演技（岳云鹏/沈腾），要血腥也不血腥，只能摆弄一下爱国情怀，但也支棱不起来，结局强行煽情卖弄“精忠报国”。在家无聊有闲时间的可以看看，花四十块钱去影院就大可不必！！！（可能我期待太高，号称最好看春节档）,02-03
天涯断肠粉,5,理解不了为什么评分这么低？！这部电影可以列入我的个人TOP10评选。刚看到就知道是岳家军潜伏复仇记，果然像一个浓缩精华版的《长安十二时辰》，只不过张小敬这次穿越成反派了。电影的节奏、幽默感、燃点恰到好处，没有辜负大咖云集；架空的设计也合情合理。虽然最后满江红浪漫了一把，但我觉得煽情的度拿捏的还不错，故事的节奏也到那里了。你永远可以相信张艺谋，没想到国师可以这么幽默~,04-29
Hey LIoyd,1,一群丑男人在高墙里搞来搞去守护着捍卫着早就该入土的价值观不知道在搞什么,10-26
把噗,3,真的是毫无艺术感啊??,05-03
Fenng,3,像是一出多幕话剧。结局无法令人信服。,02-07
高司令,4,喜剧元素和岳飞的《满江红》是幌子，满江红（血）才是内核,01-22
momo,5,完全被剧情带着走的，很有趣，笑点很多且不尬，结尾处理堪称完美。非常喜欢四字在这里边的形象与表演，融入了电影，却自成一格。期待更多好作品,01-22
1025hh,5,没去看之前其实挺疑惑的，为什么岳飞逝世四年之后的剧情还能取名满江红，直到现在看完了心里还是很震撼，剧情一步步揭开，每个人的私心和软肋也被拨开，可是啊，世界上总有那么一群人，他们不为名不为利，只求义。孙均这个角色，矛盾点也挺多的，前后的转变，最后的爆发和抽离，真的绝。转场之间的音乐也很精妙！二刷去看更多细节！,01-22
雨滴项链,2,完全没被打动好吗，一部勾兑了搞笑、庸俗、所谓反转，并强行上价值到爱国的电影，没感觉到诚意，相反满满的小聪明。2个多小时，浪费时间,05-25
食铁吞金饮黄泉,3,大导演、小成本，剧情牵强，看完略微有点失望。武穆遗书写在狱墙上，宰相都不知道，那些同袍是怎么知道的呢？还有瑶琴、桃丫头，像是硬加上的，出现的不和情理，于剧情推动也没有什么贡献。,01-23
本来想露脸,2,这么多人的命搭上只为了对方背诗，什么清奇脑回路我不太懂,05-27
LOOK,3,叙事框架来自剧本杀和无耻混蛋，这部分是满足类型快感，对反转使用是否妥当是个技术问题，但并不是评价本片最关键部分。影片核心表达挺处心积虑，满足了各方阵营需要。精忠报国是迷魂弹，挡箭牌，可以置换成任何普适化的政治口号，重点是到底刺不刺那头恶象？这一次他给出的回答是启蒙更重要。这是令张艺谋甚至整个第五代苦苦纠结的一个元命题，也正是这个巨大的包袱让他的作品最终的立足点失之简单，艺术不是用来回答问题的。,05-03
Fillianore,3,白瞎了深宫大院的巷弄结构,01-22
小球球,3,精忠报国的皮，呼唤公平正义自由的拳拳赤子心，从外看是一部妥妥主旋律，向内看则是有反骨，哈哈哈，其实岳飞的满江红这阙词历史局限性很大，谈不上佳作，价值观摆在今天也很有问题，但倒是挺契合当下的战狼精神，千百年推崇的大一统，在威胁到高层利益后也能以莫须有的罪名被剿灭，在某些乱局时刻又被拿出来当作人们的精神鸦片，究竟是秦桧的替身还是秦桧自己也是别人的替身，那个一面都没有露远在皇宫的皇帝，若是听见那一遍又一遍复诵的满江红，内心难道不会惊恐，而火堆里慷慨赴死的人们，终究想要的不过是一个真相,01-29
夏吉亚,2,深沉版《三枪拍案惊奇》。装，端着，不好笑，出戏。杀鸡用牛刀的感觉。大制作小品。??,01-22
tapisa,3,超出预期吧能说是，毕竟预期太低。就是每次都被突然窜出来的戏曲声吓到,01-23
成木,4,老谋子，生产队的骡子，高产，还有质量,01-23
无火的余烬,4,整体感觉不错，环环相扣，最后的反转出乎意料，就是前十分钟一直带入不进去，看见这几个人感觉就像是极限挑战换了一个外景，老是出戏，所以职业演员还是少接综艺，另外小岳岳的献技还需要磨练，其他演员的戏他明显接不住，易烊千玺的进步很大，没有口哨音了，军人的形象也很干练,01-26
VZZ,4,这个剧情简介好像剧本杀。。,01-23
欧森,3,少点反转，压缩下时间，少一些人物对话，这将会是一部很棒的作品。,01-24
江户川,2,气氛烘托到这了，最后不跟秦桧包个饺子，感觉不是很完美,05-04
慕容七,3,这剧情简介和《满江红》的关系，就像《满江红》和满江的关系一样六不搭对。,02-11
FreeBacon,3,张艺谋真是越来越会拍高考作文了。,12-28
黄大脸根本没有,1,挺尬的 艺谋 你不觉得尬吗？ 有名气有资源有钱 你拍出这样的东西 不觉得可悲吗？,06-05
请称呼我 陛下,3,只有乱臣贼子，没有无道昏君,01-29
朵朵不多,2,前面3/2已经睡着了 到后面bgm把我吓醒了,01-24
迷宫中的站起来,5,享受与投入，一种戏剧压倒性攻略观看情绪的大片。序幕，音乐将观众调入紧张节奏，之后每次幕的转接都持续强调抽离；先由沈腾所代表的开心麻花式表演推进电影（真正意义上的“带节奏”，劝退影迷的表演？），它几乎混淆了对观众的痛觉刺激与通过低俗笑点产生滑稽感的自我娱乐，剥削式地收紧观众注意；正剧开始，人物如击鼓传花完成剧点推进，与此同时人物被随性附上背景属性，需要逗笑观众便连珠似炮配合完成喜剧，需要点题便泄露儿女情长与家国情怀。这几乎形成了一种新的创作逻辑：可以操控人物形象变得不可信，只要整体满足剧作运行的流畅与落脚点对娱乐化的追求，也解释了为何在满江红念诵后要再度反转。一个匠工导演在娱乐化面前对电影章法的戏谑，并在自己所擅长的、内容为主导的戏剧电影中以内容的疯狂与煽动来取悦观众，令人震撼的观看。,01-22
根正苗红小炮灰,2,"冲着阵容来，没想到第一次看个电影看得想跑...
看到前半个小时，剧情无聊，抓不起好奇心。配色压抑，却时不时制造一些尴尬的笑点，像春晚小品，还有诡异喜庆无法理解的音乐。",01-30
SL_player,4,感动，但不能琢磨,04-29
格物致良知,2,这部影片是在说：英雄死了有价值，奸臣活着有价值吗？,02-08
狂歌,1,西八，和亲友浪费了宝贵的俩小时看了个什么玩意儿（）加起来就四小时了zym你拿什么还??完全不知所云的剧本，十八流的取景和服道化，选了一堆完全不适合古装的现代脸演员，鬼迷日眼的配乐，无趣尴尬的包袱（你们真的觉得好笑吗？），充满恶趣味的黄段子，这种东西居然拍了两个多小时，而这种东西的票房居然能有四十多亿，甚至超过了球2……我简直两眼一黑……??（易烊千玺体态真的太差了。。难看死了。。沈腾那演技也看得我好难受……非要说只有张译看着稍微自然些…。）比图兰朵都难看！图兰朵都比这拍得认真！甚至都不是一坨【包装精致】的??，就纯路边一堆??,08-09
拉布拉卡,4,瑶琴有点出戏，其他都很好,01-25
王易寒,5,我觉得不错，我从不苛刻,01-26
格里高利,4,17/1000，说实话，有些低俗笑话，反高潮也挺尬的，iso太高了，日拍夜是不容易，但是这光差，太大了，且老家观众素质太低，睡了十分钟，剧情完全接的上，结尾满江红还算激励，总体打分给7.5分。,01-22
洛尔迦,2,几番周折奔波不过就是为了让最后的将士背出满江红，目的太明显以至于太无聊。近三个小时的电影许多地方都是完全不需要的，而最让人恶心的地方则在于张大无时无刻不在关注瑶琴的贞洁，宁愿死亡也不愿让她失身他人。张译的表演在一众谐星里简直是格格不入，只有他不像是在玩剧本杀的。,05-02
爱小莉一生一世 ,5,我历史不好，没什么文化，第一次听《满江红》全文，我竟然听得懂，听懂的那刻我泪流满面，心中有团火在燃烧。全军复诵的那一瞬间，我仿佛真的看到了历史上那个胸怀天下、意气风发、骁勇奋战、精忠报国以及最终含冤入狱却依然赤子之心的少年就在我眼前……,01-25
无心,3,希望行业可以逐渐剥夺开心麻花的话语权，那些令人发指的臭包袱儿就像沈腾的表演一样，油滑敷衍且自以为是。整部戏看下来，我简直无法相信，张大的完成度竟然远远比不上武义淳。甚至可以说，沈腾这个人，从始至终，压根儿就没在戏里。岳云鹏那句「你们学过历史吗？」我看不妨换成「你丫（沈腾）学过表演吗？」所以和沈腾一比，转场的剪辑手法好像也没那么讨厌了……,04-30
偏时差,3,前面还可以（我指的是余皑磊托付小孩给沈腾之前），后面就开始在反转煽情主旋律贞操观绿帽焦虑中炖成一锅粥并逐步向崩坏迈进。撕掉假皮露纹身以及逼雷佳音上台给全校师生背诵满江红实在令人难以言说………,01-31
蓝天白云,3,自己人死了好几个，金人只死了两个，最后还没杀秦桧。,02-01
易暝君,4,一部长达两个半小时的悬疑式职场活话剧，沈腾、岳岳、安欣、佳音、千玺，五影帝同台说小品，故事却能层层递进，一个时辰里锅满天飞，为了一己私利各显神威无所不用其极，背景音乐里却播放着河南豫剧《五世请缨》《包龙图下陈州》《花木兰》等各种各样的凛然大义，各自给各自找活路，各自给各自铺后路，天高皇帝远的地方，金牌不管用。有能力不如有背景，会办事不如会邀功，人人都在展现着说话的艺术和职场行为艺术，底层愚昧精忠报国，上层精明贪婪龌蹉，然而这一切，都是像是山河沦陷之前靡靡之音，构成了必然的流向，汇入了历史的长河。,05-05
这么近，那么远,1,第一次这么情绪化  嗯 一分   敌我矛盾 ,01-25
草莓牛奶糖,2,剧情转折好尬，冲着张艺谋导演来看的，有些失望,01-27
Pluto.,2,逆天剧情，让我感动的只是满江红这首词,01-26
PinkNoise,1,这玩意也叫电影？,05-01
空白,2,故事很套路化，为了反转而反转，让秦桧背满江红是为了恶心谁,01-31
Evenstar,3,三星半 中间太拖沓了 没必要这么多反转。另外真的很像剧本杀 是因为国师最近合作的都是年轻编剧的原因吗。张译演技全场mvp 这次终于没演“过”，四字还是差了点，戏眼在他身上，但他没撑住。,01-25
绿一蛙,4,比想象的要好，除去一些震天响的大场面不是很能共情到，大部分的时间都很沉浸其中。风尘女子这个部分，拍得不咋地，感觉国内男导演都不怎么会拍有意思的女性角色。,01-24
糖不苦,2,"大过年的...每次小刀封喉我都跟岳云鹏看见丑男主剌郭京飞脖子的时候一表情。四字太丑太丑！演技也麻麻，伤到我了。最出彩的是雷佳音，表现力真不错。
该说不说，国师最后整这么个浪漫主义的集体朗诵，我还有点小感动。",01-29
Foams,4,有点像大型高端版的剧本杀，或者是只能一人逃出的密室逃脱。人人都是玩家，人人也都是那场阴谋的npc。千方百计，满腹筹谋，或为了活命，或为了忠义，在一方天地里彼此厮杀。除却剧情，配乐是真的妙，哪怕猜到结局，刻进中国人DNA里的爱国情怀在听到诗词的瞬间，依旧热泪盈眶。总有一些东西会超越时间与生命。,01-28
jas,1,太难看了，看得我如坐针毡，最后背满江红给我尬得脚趾抠出一座电影院,05-13
染,5,23年开年第一片儿，好久没进电影院。《长安十二时辰》既视感，个个精湛的演技，出挑有力的音乐，层层反转的剧情，有血有肉的表达，荡气回肠的全军复诵，好一首咏叹曲，好特别的春节档，好一个艺谋老爷子！,01-23
反转芝士子,3,明明反转很多，却也没什么很惊喜的感觉。,02-04
一只麦麦,2023-01-23 17:39:50,很多人前仆后继地付出，只为一个很微小的东西――像是《狙击手》里全体队员的牺牲换来那张小纸条，《一秒钟》脱胎于《陆犯焉识》，让张艺谋心心念念的就是张九声惦记的那一小格胶片。《满江红》的结尾意外又在意料之中，肉身可以灰飞烟灭，但精神值得永世流传，这是独属于国师的浪漫。《满江红》组建了一个非常混搭、甚至看起来有点任性的演员班子，来自不同表演体系的人都在这大院子里交融碰撞，就像片中故意让你出戏的配乐一样，且影片有一种自我解构精神，每次刚升华完就自嘲消解一下。最擅长调教演员的张艺谋这次没有去抹掉演员原本的风格，让沈腾、岳云鹏发挥出不少自己的笑点，72岁的张艺谋真的自信又包容。最早这片计划全片一镜到底的，要真那么拍还挺酷的，可惜国内神茶不确定因素比较多，没法冒险,dateerror
夜帘墨影,3,其实算得上是一部还算能看的小品式电影，但这个全民朗诵《满江红》的桥段实在是难顶，岳飞要是知道900多年后的电影里秦桧(虽然电影里的设置是替身)激情朗诵他的笔墨他老人家估计也绷不住。另外，张译和这群卡司一起演戏给人的感觉，就像梅西在中超联赛踢球一样，不是一个维度的选手。,02-15
哈里破特,4,94万人54.4%的人还是打了四星以上，为啥评论区充斥着几乎都是差评。电影是很长，里面翻转也很多次，逻辑上漏洞也是有的。但题材选得很好，至少情绪和情感能静下心来看完都是对电影的认可。环顾华语一圈，还是老谋子数量和质量高。,05-28
ha-llo,2,三十功名尘与土 八千里路云和月 除了这点动人还有啥 还有啥,01-28
sallying,5,每个人都演的太好了，选角真的厉害，配乐也贼拉搞笑,01-22
Jasmine,3,故事取材满江红是好的，但剧情有些过于自我感动了。欣赏不来。,05-22
可爱的崽,2,中规中矩，3分水平，符合张艺谋近年来越来越退步的水平，易烊千玺再扣一星,01-22
Fyou :P,3,Emmmm…前一个半小时我觉得真的很无聊。。第一次看电影看到想玩手机。。一直在想这真的是张艺谋导演的作品？而且全程我都没笑出来 难道是我笑点变高了吗？我觉得那些点都很俗。。。笑不出来。。。总结就是：碟中谍中碟中碟中碟中碟中碟。。到最后反转得人都觉得太多了吧没必要??不过最后一起背诵满江红倒是蛮感人的 在我心里又拉回了点评分…看完整部电影就感觉又好看又不好看的hhhh？。。,01-28
阿克曼・屋,5,他们能记住吗？要不要我再背一遍？,04-30
二马究竟是啥马,1,烂到令人发指，剧本弱智到极点，表演灾难，易烊千玺的狗屎演技在一众人中竟然还不算太差，这在其他电影里想都不敢想。场景在山西大院，屋内陈设简陋到连地主家都不如，所有人都跟演春晚小品一样敷衍，几个大兵假装侵犯歌女，围着女的起了几声哄，衣服都没乱，张大和瑶琴就吓得像是受了满清十大酷刑了一般，真把人看吐了。张艺谋也算是一代名导，怎么拍片的下限比郭敬明还低，老而不死是为贼确实有道理,04-30
一脸横肉张小晒,4,虽然扯，但惊喜拉满，当代喜剧能做到雅俗共赏的真没有！老谋子不愧是拍过春晚的人。另外讲真如果没有雷佳音这片儿就完了 ,05-16
山的南边有小镇,2,看到上映前改的海报，心就凉了半截。和陈宇合作的第三个本子，《坚如磐石》还能期待吗？,05-01
Harvey0077,3,"和表弟们看的。如坐针毡，我都要坐出病了，腿伸不开腰挺不直的，真心不适合去电影院看这样的电影。剧情跟张的前几部比起来也是很一般了。中间靠两三点的反转来分层，其余的大部分平平无奇到全靠相声演员和小品演员来撑……想象如果把演员全部换成路人，谁还能看完这3小时
ps：总体一般",01-25
李坏,5,国人还是对国产电影太苛刻了！,05-14
小舟,4,"其实，从电影本身来说，70多岁的张导已经炉火纯青，这片子的剪辑、节奏，基本上就是没毛病，可以当教科书了。但是，包袱和悬念抖到最后，还是撑不起来全剧，有点强行煽情。
另外，把搞笑和悬疑结合在一起，看得有点别捏，反正就是搞笑的时候会出戏。配的秦腔的音乐也让人出戏。",02-03
说有万里山,1,当沈腾后背露出精忠报国四个大字时，我尴尬地想关掉电视。,05-26
路千枫,3,平平无奇且血腥，就最后集体朗诵《满江红》热血了一把。,01-23
安妮,4,"从铺天盖地的好评，到突如其来一边倒的差评，不想看太多舆论的观点，被裹挟和影响的观点都不独立。我认为，作为一个春节档，还是合格的。类似长安十二时辰，短短时间内，紧张快节奏的发生很多事情，也类似利刃出鞘，悬疑＋不停反转制造悬念。作为商业片，可圈可点。演员演技也不错，并不出戏，岳云鹏沈腾xue微出戏，但角色适合，也能融入。剧情不评论。音乐很加分，那种民俗音乐诡异又诙谐，氛围拉满了。",02-01
阁外星河低悬,1,喜剧加悬疑，不得不说很有创新，但在一定程度上欣赏不来,01-27
??乌托邦??,3,只能说浪费了这么好的演员阵容 如果没有岳飞的满江红 这片三星都没有 想搞笑 搞笑的很尴尬 想推理 推理的很随意 总而言之就是无聊 ps：睡了好几觉 醒了也不耽误接着看??,02-02
黄老三,2,剪到两小时以内还能给三星，越到后面越不耐烦，为了反转而反转，强插的笑点，然后强行煽情。舞女被侮辱的地方，看得全身不适，原来不能说，现在我敢说，别再拍侮辱女人的情节了。,01-31
长星照耀十三州,1,人设猥琐，立意卑劣，情节弱智，逻辑不通，油条成精了都，岳元帅都要气活了掀开棺材板跳出来了吧？PS，张译的扮相很不错。,06-07
momo,2,如果没有最后雷佳音站在楼上背词那段 那么整部电影真是无聊至极。。。,01-28
老罗Lazzaro,3,国师高产还题材多变，从选角就能看出悬疑里带喜剧，大框架背景下玩小体量权谋，猜不到的层层反转还不够精妙，尾部不忘家国情怀，豫剧配乐更加强了戏剧感，设计独特但较显突兀。雷佳音对秦桧的演绎力压其他角色。,01-29
钦尹子,1,去电影院看浪费钱，在家看浪费时间！,04-29
天云阁,4,精忠报国不止是刺在背上的文字，是设一个局，舍生而取义。免死金牌也不能关键时刻保住自己，是随便给个理由，被一刀毙命。红了樱桃，绿了芭蕉。樱桃是冷色调里最温情的色彩，是亲情爱情和家国情怀。三十功名尘与土，八千里路云和月。莫等闲，白了少年头，空悲切。,05-29
cedar cold,5,最终秦桧替身的设计似乎很有寓意，但目前还没想清楚,01-24
Stacy,5,"不停的反转 
莫等闲 白了少年头 空悲切",01-23
榛果拿铁要加冰,1,沈腾，岳云鹏，潘斌龙，这是喜剧啊,01-22
Doremi,3,大型剧本杀，欣赏不了配乐,01-29
芭比拯救世界,2,一星给沈腾，一星给张艺谋。,01-23
举止优雅的猪,3,网络上风评不一，终于明白什么是“为了反转而反转”了，刺杀行动和抓刺客跟闹着玩似的，有种《三枪》的感觉。,04-29
啦啦啦,3,"两星半。
高高在上的男性俯视已经到了让人不适的地步，包括但不限于借本人和他人之口反复强调歌女的“清白”身份，车夫视女儿为自己的软肋但对女儿的母亲之死“无动于衷”。emo你怎么变成这样了？
剧本看起来像开拍前现攒的，前三分之一还对得起悬疑加喜剧的标签，后面人设基本崩盘，情节前后矛盾乱七八糟，完全无法自圆其说，尤其沈腾的感情线，真的有必要整得这么又臭又长吗？精简到一个半小时观感或许会好些。
张译在此片里有种清纯的性感（误）",01-31
握不住的灵魂,3,易老师的演技让国师调教完还这熊样，演技能不能再进步就看个人造化了。台词短促不是狠，而是话多了崩戏。如此安排仍然露怯，全片短板，仍然硬送上青云，这很现实，也对应满江红最核心的台词：“你的命最贱”。,07-11
安东,2,一个完全不成立的故事，看得我都替他尴尬。张艺谋还真是巨物迷恋，热爱一切巨大的、庞大的、宏大的事物，无论是具象的还是抽象的。大就是美，多就是好，仿佛不断地堆叠、重复就能带来某种崇高感和神圣感。,05-02
Parallax...,4,很巧，不仅体现在剧本的创作、编排与各式的反转上，而且在历史文化与主流意识形态之间找到了一个隐秘的有效的价值输出的平衡点。,01-22
9L-ing,3,反转不是太高级，硬转，不太像国师水平。,01-26
石田彰小娇妻,2,资源咖的聚会，张艺谋吃错药了吗？,07-01
黑骨精,4,戏说历史，虚构历史平添几分当代人的理解。秦桧的“替身”或许可以理解为秦桧内心的良知，另一个自己被奸诈的自己击溃。国师的迷宫布局玩儿得其实挺不错的，年过古稀的老头子还在突破自己，真的很难得了。,01-25
??,2,真的报看，说反转很绝，我感觉很尬。立意看似很大表现出来又很小，不否认演员演的挺好的，但剧本真的不行啊。,01-23
toishiki,2,诈尸背景音乐调小一点，会好很多。,05-25
M,1,破案了，满江红是秦桧写的，挂了岳飞的名字，让秦桧卖卖情怀好洗黑钱,05-21
gimmeareason,2,艺术创作者的自我高潮，靠着主旋律煽情但细思挺无趣的,01-26
烧炭小五郎,4,最后20%诗朗诵部分的价值上得莫名其妙，但是前面80%的观影过程太愉悦了,03-30
倾i,3,非常难评，只有配乐还不错。老是杀人看得我生理不适，并且厌女片段看得我非常不爽。但是emo的敬业精神值得敬佩,01-28
听海,3,前面没有任何铺垫，结尾突然就冒出了个“替身”，而且还是个莫名就良心发现的“替身”，太过牵强。,05-22
咻咻咻,2,玛德 赶了两场电影 那些说好看的自己心慌不慌 冲着国师和腾哥去看的 太让人失望了,01-22
miao2,3,低成本网剧………,01-31
掉线,4,【B】从张大被审问开始，前面那种严丝合缝，精巧布局的形式感就泄气了，至最终反转时悬疑线更是变成了大笑话。根本上来说，这个剧本其实就是非常娱乐化追求爽感的故事，但张艺谋选择了用有高级感的形式来拍，最后这个效果吧，好像说高级差点味儿，说爽又觉得还能拍更爽（走昆汀风肯定会更带劲），但又确实是好看的。我始终觉得张艺谋这几年拍类型片的能力被过誉了，他固有的“旧”并没有与顺应时代的“新”真正融合在一起，而是呈现出一种半新半旧，新旧掺杂的观感。就像某些几十年后被重新编曲混入电子乐的老歌，又有点四不像，又有点带感,03-09
牛2牛1985,4,小人物演历史，大人物写历史。,01-25
SydneyCarton,4,三星半，其实稍微降低点期待，拿看《阿基米德大战》和《清须会议》的态度来对待这部就对了。中国的观众，无论建制派还是自由派，看待银幕上的历史，态度都过于苦大仇深了。对创作者，历史只是素材库，并不是所有的表达都应当还原。,07-10
闵思嘉,4,这是属于张艺谋的故事。既是刺秦叙事的延续，又是替身影子历史的根植，还是英雄与牺牲品、精忠报国与愚忠之间的模糊界限。背诗之后的再翻一翻，让那个慷慨激昂也变得合理、搞笑和讽刺了。,01-23
月瑶咏望,2,我第一次在影院睡着,02-01
西北有高楼,3,又名:秦桧背课文,05-16
YYJ,3,背景音乐咋咋呼呼的，败笔,02-03
梧桐,3,不太行。幸亏没在电影院看，不开倍速哪能看下去。,05-03
读书点亮生活,4,我没有背景，都是我努力来的。,05-05
ZZ,4,张艺谋，沈腾，易烊千玺、雷佳音、张驿难道有不值得期待的理由吗,01-23
dataframe,5,老谋子厉害，当初以为回归到《影》就可以了，后面有了《悬崖之上》，到现在有了《满江红》。高墙大院，比院墙还深的是人心，一封信，一首诗，一颗真心。说起来整体灰蒙蒙的色调，反而突出了??的那一抹红。而整体故事松弛有度，一张张牌翻出来，到最后以为手牌已尽的时候又翻出来一张最大的。最喜欢的就是角色赶路的时候配上戏曲bgm，就像一根线串起了整个故事。,05-22
王大盆,2,张艺谋今年应该代替秦桧跪在全国观众面前1个月。,04-24
F4,5,感觉自己像是被耍了一样 ，又或者是电影拍的太好了 。,01-23
天腐之国??,2,吵什么吵，就这么一点事。今天我们大家之所以欢聚在这里，是为了浪费159分钟听秦桧背诗,04-29
阿婷啊,3,老谋子真会投机啊,01-28
theta,1,反转的让人荒诞,01-31
心锦意阑珊,2,强行摁人头笑再摁人头哭的感觉，让人很不舒服。,05-10
XZeroManiac,2,和多年前的三枪比，本质上我觉得没有区别。虽然看起来满江红的剧本更极致、节奏更好，但喜剧和悬疑的平衡还是没有做好，春晚小品式的插科打诨很难让人集中注意力,01-29
神威肤Y,2,为了沈腾和国师去看的，结果被易烊千玺吓到，表情好阴狠。。,01-22
青鸟的天空,3,就是在院子里玩了个剧本杀，怎么还能这么高的票房，我不理解…,05-27
南方的橘子精,5,特别好，最后结尾看得我老泪纵横，艺谋导演牛逼！沈腾不再只是个搞笑谐星了，他有实力，还有易烊千玺毫无异议已经是新生代的绝对领头羊，现在都可以演中生的角色了，期待他后续的更多作品,01-22
指ニ,1,妈呀……怎么会这么难看？！除了花钱雇演员之外没一处上心的，就连画面都是电视剧水准，甚至还不如……按照这个剧本逻辑，本来应该是密集台词轰炸，结果这都是啥？小品串烧？？？还有整部片1/3都是高强度唱腔配乐的走路画面，这种设置原本没有问题，但你台词太差了！这就让留白显得十分可笑，我听那唱腔头都疼。真难看死我了，一无是处，一无是处！！！,05-05
简妮斯好好学习,1,无语了，大过年的冲着沈腾去的，以为是轻松喜剧。,01-23
夏季的天空,3,这是目前中国电影史上最成功的剧本杀大电影。最后两个全军背诵《满江红》的桥段是真正的妙笔，冲突越是强烈，流量越是飞起。制作方的操盘模式完全可以写入金融、传媒及市场营销专业的教科书。高，实在是高。,07-12
俎瑞彩,1,真的看过了才知道有多难看,05-29
老板来份烤冷面,5,老谋子是懂审美的,01-25
公民凯丁,5,配乐满分，反转满分，家国情怀～爱,01-25
Zzzz,5,看完满江红，想说一句还得是老谋子。故事时间时空固定，空间布局宏大，萧瑟肃杀氛围拉满。易烊千玺再次突破了自己，塑造性是真的强，很会选剧本。每个反转都是自然而缜密，让人意想不到，所以我在电影院里也就不再去猜接下来会怎样，电影很丰富，悬疑+喜剧融合得很好，不是那种生硬的搞笑，最后悲壮的氛围让人泪目。总而言之，这部电影值得！,01-22
本味何知,4,为醋包饺子。反角皆为信而死，正角皆为词而死，逻辑上还算自洽，但秦桧既然注定死不了，结局就该处理得更巧妙些才好。另，几个主演的表现虽有进步，但都还不够登堂入室的，雷佳音段位相对高些。,03-13
小年左,4,看海报以为是《影》系列，没想到是搞笑片（前2/3），岳岳站在二楼远景都还没开口就已经扑扑哧哧有人在笑了；沈腾虽然本色，但一直有笑到，本是沉重底色用喜剧铺前大半，妙；四字也大功劳，虽身形单薄，但全片咬着后槽牙拧着身体，用二十出头的年纪硬是塑造了身经百战冷骨头外裹淌热血的“狼狗”，自始至终没笑过，是全片沉下来的锚；雷佳音绝，一人把细微差别又天差地别的两角色松松散散推至极致，我妈惊呼太厉害了！整片大概率棚内置景布光拍射，地势结构的布局和不断反转的剧情互文，狭长弄巷里穿梭时，都只是站在迷宫一角看当下，直到“全军复诵”奔至城楼的“罗生门”外待命军团，才吹响揭晓全局的号角，不禁为国师鼓掌啊。一星扣在道具和调色：秦桧的影死后也太蜡像了…调色很多同一场景不同景别不是特别统一，会些许误导理解剧情（但没大碍）。,01-23
暗闪光,4,前半段无聊，后半段剧情顺了很多，易洋千玺除了丑，倒确实比别的流量好很多，雷佳音非常好,05-04
伶人龙,5,"悬疑管够，笑到最后，确实如此。
一开始以为是探案片，然后一次次的反转，局中局中局中局，一环套一环，爽到了。
沈腾和岳云鹏不忘初心，负责全片搞笑，搞笑和悬疑交替，引人入胜。
每一次转场都配上一段特别的配乐和对称的镜头，视听都真的很舒服。
前面的疼痛，为全军复诵满江红作好铺垫，真的泪目！

",01-22
身边有人,3,前面大半部分很不错，包括表演音乐服化道，从孙钧开始加入刺杀行动开始就不对劲了，这个人物的反转太勉强了，前面根本没有突显他人性饱满程度，突然反转让人难以信服，最后所有人齐齐背诵的大场面更是国师的拿手好戏，可是煽情太过了，不好意思，我没有被感动到，而是被尬到。,02-02
正687,3,一般不燃，前面容易睡着！结尾可以,01-22
蓝瓦 Lanval,3,国师还是努力的，只是匠气过盛、匠心不足。时不时浅层次用力过猛的剧情和表演，硬是将一个银幕故事做成了加长版小品。意料之中，亦有缺憾。,01-23
操场上的卡夫卡,4,这剧情确实不错，但是演员选得很失败，有一种中国演电影没人了之感觉。另外，身处边疆地区看这电影，难免有一丝矛盾。可能我自己也是胡人后代，古人想不明白这个理，思考狭隘。现代人呢？,01-27
M酱,3,和片中主角一样，从头到尾没入戏,01-26
花枝,1,本来2颗星的。但删我评论……,07-22
今天也不想早起,4,最让人惊喜的是老谋子的美术布景和背景音的穿插。人物形象从始至终让人都有点看不透，这个看不透不是那种被反转惊艳的看不透，是没看懂导演和编剧想要表达什么。易烊千玺那个人物属实没太看懂，他本人的演技也没能把人物的丰满度撑起来。和沈腾、岳云鹏搭戏还可以，和雷佳音的最后一台戏，易烊千玺整个被碾的跟木头一样。个人比较喜欢雷佳音最后的演绎。但也因为他的人物比较“简单”，毕竟极度的善和极度的恶都是很好演的，反而是本片“负重”的人物心理不好演。网传的辱女情节，个人认为是欲加之罪，何患无辞。基于那个年代的剧本，这种刑罚是那个年代对女性的侮辱。应该抨击的是那个年代，不是剧本本身。个人还是比较喜欢张艺谋这篇的剧本，像一位冷面讲述史事的宦官，一股冰冷味。但不太认同这个全文背诵的结局，某种程度上拉垮了前篇堆积的质感。,01-28
炸蚕豆,5,剧本好，电影越看到后面越有意思，悬疑和喜剧元素比例适当。群像做得不错，每个人物都能品出味道，演员演技可圈可点，各有突破。是近二十年中国古装电影的佳作了。,01-22
蓑沙ca,5,身为杭州人看这部电影真是心情复杂。片尾深深哭了，笑谈渴饮匈奴血，待从头，收拾旧山河，朝天阙！,01-29
FANgWAY,3,为了一首诗，死了一群人，像是陈凯歌拍的电影。想表达的感情太过于明显与刻意，除了张译，其余人演的都差点意思，没达到想象中的效果。整个故事不是一段史诗与传奇，更像是一场闹剧。,09-08
张大水,4,虽然但是，在一堆明清构建完全没有宋辽金美学的古建里，完全入不了这个戏。同样是诗词化的大国情怀，在我在里妖猫传胜，同样是刺客传，荆轲刺秦胜。国师也是国师，只是感觉慢慢从黑泽明转变成伊斯特伍德，对中国类型化的套路越来熟悉，但我并没太喜欢这种套路。,01-25
唐小北,5,无父无母无爱人 ，单打独斗，像走在狼群最末尾的头狼一样  ，太爱了,01-23
禁止套娃667,1,剧情是在给秦桧洗白吗，思想有问题,05-06
泰勒,1,非常差 诈骗的水平 冲着沈腾去的 最后一段是什么玩意 我不能理解我们的少年将军是个佝偻着背耸着肩只知道皱着眉头的网瘾少年 从逻辑上说如果他们的目的是全员死来让秦桧背诵满江红 我不明白为啥要先干掉何立 也不明白 孙军给张大刮背时候旁边那俩兵是瞎了吗 把观众当傻子？ 还有武利淳的人物意义在哪？说秦桧不忠吗？那对于这个人物的刻画是不是太浅薄了？ 整体看下来就觉得这是个什么玩意？不会再去看张艺谋的电影了 ,02-13
PirateRadio,2,这拍的是什么吉宝玩意儿，细节和逻辑太失败了，沈腾从板儿车上翻倒还唱歌那段儿简直笑死人。配乐也是清奇，作曲老师灵感可能来自早晨爱去公园用收音机听戏曲晚上爱蹦迪的生活习惯。结尾背诵满江红最扯，简直比彪子还爱学习…,05-22
N,3,不伦不类,01-24
王一,1,"没东西看就看了，心想再烂能烂成什么样呢。
结果看完了想扇自己。
1星给小岳岳，太喜欢了。还有韩红的配乐。
在张艺谋眼里女人就是发泄性欲的对象吧。我看不见真实的人。太恶心了。
所以这些大师都不进则退，精神上猥琐堕落下去了，泯然众人甚至精神上跟底层一样了。
把给这剧高分的豆友也取关了，怕不是脑子有问题。",05-28
方枪枪,4,7.5分。一出夹杂着喜剧又不断反转的悬疑剧本杀，各种元素缝合的也还好，整体观感有点像看了一场超长的春晚小品或者是喜剧大赛。搭着沈腾和岳云鹏俩喜剧演员，虽然看着有点出戏倒也不排斥，所谓票房成功也大概和喜剧混搭有很大关系，大家生活挺压抑了，多少能在电影里图个乐呵。个人觉得最大的不足似乎还是“原来都是友军”这样的设置和故事推进，一旦遇到问题就全靠借此设定来推进发展。不过还是那句话，张艺谋导演的功力依然毋庸置疑，拍这种类型片早已游刃有余，否则也不可能有那么高产且稳定的发挥和输出。这点看，最近这几年的张导还真有点像东木老爷子。,01-31
月亮武士,5,1月17日去看了首映，算是老谋子近年来最佳，喜剧效果拉满，情怀拉满！！四字弟弟好帅！！腾哥一如既往搞笑！,01-22
超级电影迷1973,3,影片选用了多个喜剧演员，有多处插科打诨的笑点，大为破坏了影片扑朔迷离的悬疑氛围，这本该是一部不断转折再转折的精彩悬疑电影，但是由于喜剧元素的加入而将影片搞的不伦不类。这本该是一部严肃的爱国主义电影，不该让喜剧元素将电影搞得戏谑。,01-30
Esse,3,怎么看都像是在闹着玩儿。,12-19
逍遥津,3,反转的有点勉强了。,02-03
小y,2,老年中华文化男性散发情怀还不如去打打麻将，至少不会让人翻白眼,04-30
TUUTREN,4,沈腾有点让人出戏。其他人的演技都不错,01-22
Mr.睡不醒,3,荒唐……乍一看是连环局中局情节出人意料，仔细想其实只是不合逻辑瞎掰而已……，先不说整部剧的历史性有多荒诞，单从电影看，何立之死就瞎掰至极，前面铺垫他如何多疑狡诈，却相信阶下囚之话转身被杀？？这逻辑无语??，2VS2没有把握，1VS3却信心满满了？浪费一大票演员,05-10
JJJIGSAW,2,这么爱反转，三个小时还反转不够，艺谋你去拍电视剧好吗，看到后面都烦了。男主角吧我也不是很理解，合着通金信不重要，行刺奸人也不是重点，死这么多人就是为了一首满江红？,02-01
?小刘??,5,刚看过点映，觉得这是近20年来张艺谋导演最好看的一部电影，值得一看，值得一看！,01-22
放开那个浪味仙,4,意料之外的惊喜之作，全程看得非常high~ 老谋子真会调教演员啊，每个人在保留自身特色前提下，还为角色的性格和剧情推进展现了十足的戏剧张力。悬疑、喜剧、权谋、反转，各种元素齐聚，搭配摇滚豫剧的调和，真精彩。那些文字不会消失，故事都在人心。,01-24
第五原宿,2,虽未「一镜到底」，却二十年一以贯之絮叨「不杀之奥义」，工匠终究不是真艺术家。,04-30
贵久,2,"还是那句话，真、善、美，真是基础，没有真的善与美，只是自我感动或另有所图。
戏剧不意味着假，差戏才会假，差戏举例:我预判了你的预判预判了我的预判预判了你的预判。。。。。。
而导演的自我重复，与市场的百试百灵，那又是另一个问题。",05-03
m,1,"电影层面的问题就不说了，二十分钟以后，剧情和人物就已经崩坏。
从一件文艺作品的角度而言，这部糟糕的电影无愧于是我们时代的映射。
逻辑混乱，价值扭曲，人物庸俗，视听污染……一切都是《切腹》和《影子武士》的反面。
你以为结尾时小女孩无意识背诵的就是《满江红》吗？不，其实是《孤勇者》",05-01
hunteryu1998,3,为了这碟醋包了这顿饺子,09-13
小贝壳,5,《满江红》是一部演员阵容强大的巨作，非常值得一看！尤其喜欢张译的表演，狡诈阴险，勾心斗角的角色形象拿捏的非常到位！惊喜是韩红的电影音乐，给老谋子的这部大片加了分。,01-22
小,4,4分的电影 5分的插曲 0分的隐喻,01-24
田帅,3,配乐确实有点吵,02-03
springtwins,1,老实说剧情挺无聊的，有些逻辑经不起推敲。还有，故事背景不是在山西嘛，为什么他们每次在巷子里走的时候要大放豫剧？每次还放的很大声，很突兀，让我出戏。但是我又看到买的热搜大夸这里放这个豫剧的精妙，我就感觉这电影应该不是给我这种观众看的。,02-16
梁少侠,5,刺杀不是为了杀人，是为了传道，老谋子这电影配享奥斯卡太庙！,07-02
☆紫凝曦☆,3,除了最后的反转，其他反转毫无惊喜。,01-25
哥德堡,4,"读过好多书，北宋南宋官吏结构，皇权变动，江南赋税农耕，禁军制度，辽的南北院制度，对草原的坚持，儒家在北方的传播与影响，金的崛起与辽的西迁……这期间也不止一次想过岳飞与秦桧在那历史中真就那么重吗？
看电影时，好像想通了，就让它回归简单吧，岳飞真英雄，秦桧再跪千年",01-25
芦水喵语,2,中途睡到不省人事，也是少有，怪不得一惊一乍的BGM声音大得吓人，是为了叫醒观众的吧。,04-29
灯微红,3,把这么多演员放在一起，真的是很容易就对比出个你高我低来呀。音乐有点吵，但毕竟春节嘛，乐就行。日拍夜真有点恶心人了，其实就是一个态度问题，打光也破功了，很明显就是导演的一个抉择了。主旋律的纹身与念诗确确实实被视听感染到了，笑点也有，就是感觉国师实在有些大男子主义了，很多段子恶俗又恶心，以及对女性角色的塑造和某些桥段的拍摄手法属实是让人觉得老套且令人不适。剧本其实没多硬，很多东西都见过了，智和巧倒是有，但所谓高智商和神级反转也确实说不上，加上前半段的叙事手段真是一点都不高明，踢一踢动一动，不给观众任何空间，好听点是环环相扣，实则就是挤牙膏。倒是斯坦尼康和滑轨用的很溜，好玩。,01-24
清晨,2,"老套的角色塑造
充满逻辑问题又尬到脚指头挖肿的情节
悬疑到底悬疑在哪了，是悬疑在演员的演技吗？给观众表现瞒天过海式情绪递进表演？",01-30
路过烟雨,2,好久没有这么煎熬的观影体验了，张艺谋的晚节不保令人震惊。,05-13
北溟客,5,向编剧和导演道歉尤其是编剧。真高手。这应该是现在的环境和条件下，在影视领域能看到的对岳飞这个名字最好的演绎，虽然是虚写。,01-23
Yvonne,3,希望张译多接点儿奸角，真的很有味道～,06-04
告别恐惧症患者,5,"服装、建筑、戏曲、语言、书法，国师就是国师，无所不用其极的把中华民族的历史瑰宝天衣无缝的揉合在一起，用一种能够吸引所有人群的轻松幽默的外在，包裹了一个国仇家恨的严肃精神内核。越老越妖，说的就是国师这种电影传奇吧。悬疑爱国喜剧，国师在拍一种很新的电影。紧凑的节奏和反转到底的剧情，把悬疑的氛围直接拉满，全程高能，最后直接高潮；“至少要让观众笑30次才算及格”，我觉得喜剧部分的任务也算完成的相当完满；至于爱国就更不用说了，张大他们的目的，比我想象的格局要高的多。留下一首气吞山河的爱国诗词，比除掉一个万人唾弃的卖国狗贼意义要深远得多。对于演员的角色分配，也体现了国师出人意料的巧思。而演员们也都不负所托，各自奉献出了极具感染力的表演，有的人甚至属于超水平发挥，使得全片能够呈现出如此高超的质感。",01-26
肌肤饥渴症患者,5,Bgm真带感,01-23
土土的包子,1,"一声叹息。
感觉张艺谋真的越走越远了。
这种变态到极致，精神不正常的电影一眼就能猜到是张艺谋的作品。
已经不是简单的恶趣味的问题了。电影处处散发出恶心，腐臭，令人作呕的价值观取向。杀人如草芥，毁坏尸体如儿戏，已经接近于反人类了。强行抒情，强行煽情，强行拔高。为了一个大家认可的目的，就可以肆无忌惮的牺牲一切，这种可怕的思想难道又要大行其道了吗。
另外，一个破院子，几个流量明星几段自以为是的对话，加上一些叽哩哇啦的方言戏串场，就成了一部电影了？
恶搞历史，歪曲事实，是对岳飞最大的不尊重。满江红这个题目，本来是应该拍出一部泣鬼神的作品，不曾想被如此作践，真的心痛。
最后，与《流浪地球2》一起，两部大卖的春节档国产电影素质如此低下，真的感慨万千。
没去电影院看此二片，还真值得庆贺一番。",05-03
听我摔杯为号,2,明明有真实对应的历史时期，服饰考据却做的一塌糊涂,01-31
夏山鹿鹿,2,凑时长痕迹明显 大段的重复  把高潮全压在一首诗上了  一开始还有笑点 后面都是疲倦的重复 剧本杀加小品  每次反转就死一个人  让人厌烦,01-25
??娘卷卷??,2023-05-02 23:22:02,剧情，哎呀，行叭。主要是，你最后要搞这么煽一出，但全程真的是又冷血又暴力。经历过那啥啥的50后就是不一样,dateerror
一瓶鹤顶红,1,我第一次给张艺谋的电影打一星。全片所有人都动机混乱，逻辑愚蠢，权谋连高希希的水平都没有，连琅琊榜都不如，悬念可笑反转幼稚，剧情漏洞百出。浮夸而令人作呕的强行煽情，明褒实贬的人物塑造情节叙事。打着纪念岳飞的幌子给秦桧洗白开脱，不愧是秦桧后人投资的片子。就这烂片也配叫合家欢，也配叫主旋律，恶心，恶心至极！岳家军竟被侮辱至此，岳武穆竟被侮辱至此！,04-28
brennteiskalt,3,Zhang Yimou: Master of Coquetry。进入新世纪以来的张式电影总让人觉得是在一系列权力斗争之中寻找一个结尾的方式。而最终结果的随心所欲则证明，这并非是一篇小说，而是一部神话，它的核便是这尊永远解构不了的权力雕像。诗篇是否散播到了四海反倒不重要，重要的是朝堂之外的英雄和它的号召力。,02-10
唔哈嘿呼嘻,3,悬疑几乎没有，喜剧没看出来。连张艺谋擅长的大场面的没有。就很像把一个本就粗制滥造的话剧硬搬上大银幕的感觉,05-03
张春[阿卡纳],2,两星给千玺演的段奕宏,06-12
一秒入睡冠军??,3,无悲无喜，平庸之作,01-26
syduling,2,以前以为《三枪拍案惊奇》是被逼无奈的作品，现在看来应该不是，这部只是高配版的三枪，过多刻意的情节和反转并不出彩，甚至觉得是在耍聪明，看得很累，和看三枪的感觉那么类似,05-21
豆友182975599,4,挺好看的，值得去看。发生的空间就在密闭的宅院，陋巷以及阁楼，时间也是在秋凌渡的前一天晚上，整体而言这个故事紧凑，戏剧张力强，信息度密集，不断反转。但到后面就有点为了反转而反转了，落点落在假宰相做回自己，选择了结自我，而真宰相从幕帘后走出，却任由孙均绑了，孙均逃离，这一点上就让人非常不可信，强行主旋律。不过这故事实在太长了，按道理说，缩短个四十分钟比较合适。摄影很不错，韩红做的配乐太吵了，在人物的一个任务接一个任务之间频繁使用，有点烦。以及：在下一场的贴片看到《坚如磐石》。,01-22
青春少年与他,5,太牛b了,01-23
丁春瑞,2,尬，尬的想说脏话,01-31
小爸爸,2,两星给张译和雷佳音演技！,01-25
歌辞,2,哪里好笑？从头到尾一次也笑不出来。结尾大煽情，除了假，就是空。一部好的主旋律电影需要有说服力，故事背后的情感、价值观应该是自然而然生发的，而不是矫揉造作之力催逼出来的。整部电影的高潮就是全军复诵《满江红》。可是，《满江红》的意境怎么可能是这种军训式喊口号？怎么复诵啊？听得清吗？知道是哪些字吗？听过一遍就记住了？那现代还发明复读机干嘛，人类智力真是一代不如一代，南宋士兵个个过耳不忘，都是小镇做题专家。明知道这是假的，你怎么会感动呢？伪高潮吗，叫得越响越假。,06-11
越鸟巢南枝,4,挺好！就是喜剧演员太多前期老有要出戏的感觉??,02-05
Jane Chang,2,多一星给张译演技,01-25
张擐huan,2,"1.配乐什么鬼，喜剧也不能这么配吧2.影是60分的话，这部就是40甚至303.果然是永不消逝的主旋律4.国师下次不要拍喜剧了第一次写短评，别跟我杠，杠就是你对",01-22
木讷Gail,3,三星半，拍摄还可以，剧本有点拉垮，逻辑有问题,01-27
上辈子是卫灵公,1,没想到竟然会这么难看，集体背诗尴尬到不敢看……,06-06
大门欧豆豆,3,除去家国情怀，还是那个老谋子，该有的都有，该没的都没。,01-25
anassi,4,张艺谋的电影故事完整性、人物塑造、风格化、完成度这些好电影的基本要素还是没问题有保障的，这就基本够四星了。影片里最精彩的还是悬疑部分，层层揭秘，关键敌人智商在线、非常强大，直到结尾才揭晓答案。还有满足戏剧三一律的限时（2个时辰）、同一地点（山西大院）和同一主题，做到这种精妙的结构也是很加分的项目。觉得不足的地方有两点，一点是煽情上有点奇怪，明明是很惨烈很悲壮的牺牲故事，还有最后全军传颂满江红，愣是煽情效果一般，甚至有点尬；第二点算是第一点的原因之一，就是强行改编民族记忆的弊端，从根源上会让观众觉得尬、无法共情，如果不用满江红这个背景故事相信观众会更容易接受一些，光是悬疑情节就是很好的精彩了，但如果只有悬疑就注定小众，失去了最后传颂满江红这个醋，这盘饺子也就乏味了许多。,05-07
Mayrockid,3,戏外可比戏里精彩多了……,01-31
淇开得胜的KZJ,3,"《满江红》没想象中那么好看，但是结尾很燃。而且反转挺绝的，主要是前面50分钟很容易就昏昏欲睡，emo导演拍了个自己的个性电影，全程不会太迎合观众。
另外，雷佳音，你真牛逼",01-22
??,5,之前也看过四字的几部作品，每部作品也都带给我很多惊喜。特别是看完满江红后，很喜欢孙均这个角色，还有佳音哥这个角色也特别特别好。嗯，以后会多多支持一下有四字和佳音哥其他作品??,01-22
????昊,1,不可原谅，不可遗忘,01-22
momo,3,"全场张译最佳
情节和泪点设置蛮刻意的，仿佛知道导演下令观众什么时候哭
最后说送了那么多命只为了换一首词我都震惊了……",01-22
老鱼爸爸,4,一部完成度很高的悬疑推理电影。,05-27
Leroy,3,满楼跑之，恭喜孙总管微信步数第一名,08-18
枫丹白露,4,不断反转，最后假秦桧的设计让人眼前一亮，不过搞了半天只是为了遗言确实有些牵强,03-28
Drtyyyy,5,好看好看！！,01-28
??,5,个人认为这一年看过最好看的电影,01-27
JeanChristophe,3,"两星半.张并非塔伦蒂诺式的历史虚无主义者,关键动机实是""听写""""背诵""中的媒介政治.以词杀人,以歌决胜的构思不属于电影(《小城之春》《猎人之夜》)的浪漫传统而属于广播电视:掌握终极权力的乃是口授听写之人[dictator]――叛党要以默记信件来夺取这口授之权,并抢占墙上标语楼上播音等媒介以逼迫复诵;一再出现的默识-口述-笔录,誊写-领读-跟读,从未反抗统治者采用的媒介运作原理,而更强化了――在宣传机器中堪称典型的――文字对语音,眼睛[字幕]对耳朵[音轨]的暴力支配,话声不过充当着稿件的影子替身――我们终于回到那个至迟始自《女友礼拜五》,途经《惩罚公园》《印度之歌》,而被《少年的你》《一秒钟》以""后期配音对白""和""仅含反打的对白""在今日华语电影中重提的诘问:究竟是""听着看"",还是""看着听"".",12-17
Jonathan,1,看了40多分钟实在无法继续，幸亏没在电影院，否则绝对半小时离场吧。个人觉得是一个灾难性的拍摄，想要通过类似舞台剧和小品式的方式拍悬疑的想法没有不好，结果呈现的是灾难性的表演，别扭的台词，做作的搞笑方式，不接地气儿的化妆，糟糕的剪接以及陈腐的配乐。个人心中最差的一部张艺谋。以后类似这种所谓的全明星阵容的电影基本就不要看了，说演技多好，我觉得吧都是矬子里拔将军罢了。,05-10
红花,2,全片让我想起上中学那会，周一早操大会一位红领巾上台表演语文老师给他打了98分的作文，听的我直翻白眼。,07-01
Penny!!Penny!!,4,"把一场刺杀的终极目标，设定成是为了一首秘而不宣的词，这就是文人的浪漫啊！
老谋子审美满分、镜头满分、演员节奏满分、配乐满分，特别特别是叙事节奏――与《悬崖之下》完全不同――73岁的张艺谋，满分。",05-28
我是的罗,5,国师调教演员真有一手，各个演技在线，配乐好，剧情好，满分,01-25
公元前221年,2,对历史的敬畏之心不多。多给一星是看到很多人开始背诵《满江红》，但也因为此，更希望能够被严肃的对待。,06-25
小动物去天国,1,浪费时间的渣渣,09-11
延续传说,5,雷佳音满江红念的是真的好！悬疑+反转，不看到最后猜不到结局。,05-18
wyx517,2,一惊一乍，套路太多。国师不易。选角不行。,02-01
刺溜刺溜吃板面,3,儿戏一样，恰好是替身看过满江红，恰好最后被张均胁迫的也是替身，一切都那么刚刚好……白期待了这么久。这电影成本应该挺低的吧，就一个场景,05-20
朝阳区陆依萍,3,三星半！国师的掌控力是真的很稳！说到底，秦桧也是个替身傀儡，真正的奸诈之人是皇帝罢了～#我家小可爱雷佳音春节档二杀！！！,01-22
梅岭藏殊梅长苏,1,我愿称之为催眠利器，失眠福音,05-22
豆友222194855,1,无语了，一个场景,01-31
:-|,3,我妈锐评：一惊一乍,07-05
Faust Shu,1,分还是太高了…,02-24
归少准,4,每个角色都很生动立体，没有个人英雄主义 ，群像！很爱这种,01-23
A L E X,4,老问题，煽情部分略显刻意，但是无法阻挡张译行云流水光芒万丈！,01-22
淡淡清酒香,5,剧情却又很多不合理之处，计划漏洞百出，不值一说，但看到最后全军背诵满江红的时候，所有的“一无是处”都消失了，这是我们民族屹立世界的根基，这是我们华夏奋发图强的脊梁，沈腾和易烊千玺都贡献了影帝级别表演，非常喜欢，真的非常喜欢,05-04
动物本能,4,为了迎合全国观众，放了无数没太多意义的低俗也不好笑的笑点。主线紧凑，鼓吹中国特有的牺牲精神。但是完成度可歌可泣。雷佳音和沈腾的表演都很好。20230225,01-26
青绿纽扣,5,你的命一文不值，后人也确实会为你立像,02-17
冰镇西瓜橘子水,5,期待很久的电影，没让我失望,01-22
钒,3,2.5 低于预期 能看出大量谋子之前作品的影子 基本上是前面是喜剧《悬崖之上》/后面又开始上价值 整体节奏时好时坏 完全没有《悬崖之上》的节奏好 太依赖于反转 感觉后面转个不停了 不过收尾还行/演员挺不错 特别喜欢雷佳音和张译在里面的表演 给他们加了颗星/过场音乐有点聒噪,01-22
mOco,3,非常非常精巧，国师的把控能力真不是吹的，以及还是老一辈导演对视听语言有基本的尊重，可看。ps：对于把瑶琴的主动参与动机落点到爱情，还是有点不太满意。,06-10
rF,2023-05-03 18:50:32,感想是还好没去电影院… 两个半小时啊，一直在叨叨。四字从头到尾就一个生气的表情压着声音说话。雷佳音不错。舞美设计还是挺好的。舞妓段落不适。,dateerror
马达,4,好爱雷佳音，好会演好喜欢！,01-24
余周周周周周耶,4,不喜欢里面对女性的态度,07-07
??thief,3,能看。但是恶俗情节有点多,02-01
娱乐圈梗姐,3,张艺谋的喜剧不是那种让人捧腹大笑的，但是笑点全在细节里，而且最后能够自圆其说，你认为不合理的地方最后全部都圆回来了。就像我最开始很疑惑，秦桧演说满江红激动个啥？结果人家是替身，也想将《满江红》公诸于世。最后想想，这些死士为了一首词，每个人都视死如归，而且知道自己一定会死，但是因为精忠报国而心甘情愿，还挺让人感动的。,01-29
XMK,2,小院子里，一惊一乍，玩狼人杀,02-08
猪大勇,4,士兵背了一遍就可以《满江红》背诵全文，不是显得我们当年很没面子……四字弟弟如果不是小镇做题家事件，应该是未来可期。,01-22
Sicilia,3,"看完了满江红，怎么说呢，就……很漫长，打发时间可看
先说优点:实名夸奖雷大头和张译的演技，雷大头最后诵满江红那一段，不得不说，很带感情（仅指雷大头的台词&演技），张译本剧反派，阴险狡诈入木三分，还有走路很有气势??岳云鹏居然没让我出戏，出乎意料
再说说缺点:说实话沈腾有点让我出戏，看到他我就想到“你过来啊”；剧情上反转来反转去，到后面真的有点疲惫，而且反转的情节并没有出乎意料??；最后半小时传诵满江红，传诵有点尬，有种强行上价值水时长的感觉（不喜勿喷）
题外话:可能是我不懂艺术，中间的BGM有点一惊一乍的吵人",01-26
豆友171220685,2,这种场合下张大的“搞笑”反而更像是抖机灵，事实上也未引起多少哄堂大笑。剧情最后20+分钟直接垮掉，没有反转惊喜只感觉降智，全军背诗只感觉尬。,01-27
Karwai Auyeung,5,“欲将心事付瑶琴。知音少，弦断有谁听？”无论旁人怎么评说，这部电影在我心中几乎可以比肩《英雄》了。,02-01
林摸鱼,3,就……每个点都很牵强，不能寻思，前半截还能说是沈腾运气好都给蒙上了，后半截跳反了就彻底惊掉下巴：这么一个漏洞百出全靠巧合的计划你们自己居然觉得可以成功吗？,05-03
serendipity,4,今天去电影院看了久违的电影，总体不错！有笑有泪，适合过年看。,01-26
n海,3,东木老爷子也是八十多了还在拍，老谋子继续努力,01-30
YiQiao,2,很难评 似乎这才是张艺谋电影集大成作 几乎能看到他过往所有电影的影子,05-21
麦姆威,4,剧本杀电影，古装版风声，剧本负责悬疑，演员负责塞梗，导演负责节奏和煽情。反转反转再反转，让我想起《看不见的客人》。不拍一镜到底是对的，不然牺牲太多细节。8分肯定是值的。男演员用戏骨，女演员用新人，张艺谋的一贯作风啊。预测沈腾会拿奖！,01-31
宫本井田,1,"Ⅰ可惜了我们的历史，当年宋高宗赵构对秦桧赏识的可笑荒谬到令人悲愤的程度也比不上那么多观众对这部片子的赞美。。。",07-18
夫名,2,时隔十多年老谋子又拉来一帮正是当红的喜剧演员攒了一出闹剧，当年的《三枪》好在还有丹霞美景，这次在太原一个古城直接拍完，摄影也是一个夜景滤镜直接搞定，毫无历史质感与生活气息，甚至连盆花都懒得摆…而在这样一出闹剧里，任何所谓谋略或情感或气节都显得那么可笑…全军复诵，呵呵，七十多岁的老谋子还是那么单纯啊…,05-04
Uncertainty.,3,满江红是首好词。,01-22
汨薛哲,2,为了醋包的饺子。有点太形式主义不接地气了，雷佳音和张译演得不错。其他人还可以吧，没有惊喜。孙均有点莫名其妙，感觉很多地方演反了，导致剧情有些看不懂。,04-03
扭腰客,3,三一律玩的真不错，演员有点抢戏，但分寸没拿捏好，以及，不能忽视其中狭隘的民族主义，以及乌合之众对此的追捧与膜拜,04-12
Paracetamol,4,戏谑的小剧场，复杂的关系网，匆忙的转场步，震天的满江红。,01-25
щ,4,#补标复健# 政治小品，集体记忆。刮得了墙上的字，但总有人记得，传颂，反反复复。 这是一部比《一秒钟》要伤痕的伤痕文学，是他近几年作品中最好的一部。写给这三年。1.29于万达,05-25
沧雪,2,花近3小时看个剧本杀？,02-03
烟花句,3,"看完才明白当时为啥那么多人吐槽，杀手前赴后继只是为了让奸臣把诗背出来，最后有机会杀他却说要让他活着被人唾弃，狗屁呢！
能理解全军背诵《满江红》是一个泪点，但是整个故事逻辑不通，无法接受。而且易烊千玺的演技在几位实力派演员面前确实相形见绌，还有很大进步空间。
冲着转场音乐多加一颗星，很喜欢转场的音乐。",02-06
乍暖,3,6.5/10。两个半小时能保持电影性的同时还不无聊算很可以了，能感受到摆脱剧本杀而做的努力。到后背“精忠报国”一露电影彻底失控，反转的桥段生硬到令人不适，众人齐诵满江红犹如奥运开幕式。逼仄的建筑是《大红灯笼高高挂》，杀到不杀是《英雄》，替身是《影》，口水化台词是《有话好好说》，聋女侍卫是《幸福时光》，风尘女子是《金陵十三钗》，喜剧演员是《三枪拍案惊奇》，唱腔转场是《秋菊打官司》等等，张艺谋仿佛用尽了他毕生功力做出了一桌年夜饭。一镜到底会让这个故事精彩翻倍，选易烊千玺演在一开始就是种剧透。,05-01
燕仰,3,其实比想象中要好一丢丢，星星给张译雷佳音和易烊千玺。隔着对准舞姬瑶琴的镜头都能感觉到那种自己暗暗得意的过时爹味男凝视角的来回咂摸。不懂国师费这么大劲拍个这个到底是为什么，08奥运会开幕式一样的结尾离大谱，从authorship和authenticity的层面上否定了满江红是岳飞写的，太讽刺啦,08-09
凝音,2,困死我了。我自己背满江红都会哭，这部戏的铺垫竟一点都没有加成。,01-29
苏晓,3,每个角色初看都很聪明再一想都像弱智。,12-24
俄罗斯方块,5,全军复诵那段有点热泪盈眶，太震撼了！,01-22
逃脱矩阵,3,像是洗钱电影，知名演员是多，但是拍摄成本极地，剧情很差，像话剧，像大型小品，拖时长，张艺谋别拍了吧，bgm挺难听的，所有反转，煽情我都没有感觉,07-23
空山,2,有点魔怔，倒推剧本应该是刚入行的、想拍商业片的生手导演琢磨的事儿。,05-10
依然D兜,4,转场的bgm有点突然，剧情可以，而且选角也不错,01-22
今言,2,做作、浮夸、拿腔作调，蠢B剧情。,04-29
再来一盘鲜虾滑,3,失望是肯定的，前一个半小时全程被按在椅子上输出，整个剧情都恨不得被“反转”二字牵着鼻子走。我理想中的群像戏会比较像《完美陌生人》《利刃出销》一样，给人一种能够透过角色言语和动作管中窥豹的思考感，但明显导演这次把电影当成了一次剧本秀，从一开始就让观众意识到了“角色任务”的存在，于是作为观众我立刻开始联想并猜测未来角色们有可能的走向和反转，又恰恰好都能猜对。而我个人最最最不喜欢的一点是，不知道是不是为了服务于春节档，非得要让有意无意的插科打诨破坏整个故事的节奏，让你笑也不尽兴，入戏又出戏。就算最后试图用一首《满江红》力挽狂澜，但我可能真的过了喜欢类似于《厨子戏子痞子》这样的爱国商业悬疑剧情片的年龄，毕竟已经吃过那些风味突出、特色鲜明的菜肴了，看似丰富的一锅乱炖对我个人而言确实不太有吸引力。,01-29
恰若初见,3,张艺谋最近总是用流量明星的毛病看来是改不了了，那么看来张艺谋的评分和票房下滑的趋势也改不了了。。张艺谋已经从旧庸俗走向了新庸俗，也算是庸碌一辈子了。。张艺谋真是没啥内涵啊，编剧芦苇批评的还是很到位的,01-22
加一个煎蛋,5,4.8分 如果是手机看有很多想要拉回去再来一遍的片段 配乐优秀 确实有挺多没想到的反转或者说意料之外 笑点挺多 不愧是张艺谋 值得去电影院看一次！,01-23
两生花,2,呵~这个不算历史虚无主义了嘿~原来这《满江红》就如一份《党章》。,05-10
FrozenElsa,4,【7.5】国师还是国师，挺稳的，不过让我有点失望的是，全片在视听上反倒没有那么国师，太保守了，完全是一部剧本主导的电影，整体视听上欠缺了些许趣味。演员方面我还是持保留意见，我很喜欢沈腾，但是他留给大多数人的刻板印象太深了，以至于后期一些煽情的戏码我要犹豫一下他是真的在煽情还是搞笑，至于四字我没啥意见，我是挺满意的，还有张译一如既往的优秀。总体来说在预期内，但是落点比较靠下，以及后期反转太多了，其实都失去惊喜了，差一口气推起来，有点可惜。,01-22
Skittles,1,唯一一部在电影院，看一半就溜了的电影！,02-02
李小丢,2,第一次在电影院里心疼我的钱，尽管有赠票，我还是花了五块八，全程就是在无语凝噎中：就这破玩意儿超了球2六亿多票房？到底是谁买的票？这种质量的破片有四亿票房都是在打中国电影的脸，就这还进票房榜前十？把《红海行动》给挤出去了？它应该给《红海行动》下跪磕头。四字太可怕了，我没见过仪态形象那么差的少年将军，演大佐很合适，外八+脖子前倾，还矮。,02-18
chloooeluo,1,明明可以有更好的方式讲述一个有丰富内涵的故事，非要塞入自以为幽默的桥段搞得啥都不是，满江红是这样，流浪地球也是这样。满江红过分多了。,01-29
甜宝小猪看日出,2,最后那个用强女人来威胁的戏码…太恶心人了，太恶心人了，这居然是2023年的电影,07-26
易思棠,2,他是小不了的，即使在前面显得螺狮壳里做道场，像个剧本杀，但最后的场面依旧是从老早就开始，在《英雄》里发扬光大，在《满城尽带黄金甲》在《长城》里一再使用，直至让人作呕的“大”。所谓的“张艺谋的小与大”。替身的意象，不仅是《影》，又回到了黑泽明的《影武者》那里。他迷恋的始终，始终是这些东西，太自恋了，太自我迷恋了。好可怕。,05-03
豆友H3NdUsMy_Q,2,这部电影让我对易烊千玺的好感都无了，搞笑吗，你自己看看搞笑吗，很无聊的剧情，逻辑混乱，唉，本来还挺期待的，算了吧,01-22
William H D Lee,1,谋子啊，就差跪着呐。可你要讨好的受众可不买单啊。另外，单讲电影本身真不如三枪,06-05
Tiffany,1,太难看了,01-22
千寻亿选,3,螺蛳壳里做道场，转场的BGM吵死人,01-24
陨,1,又是这种满腔热血无脑冲的家国情怀，逻辑很混乱，烂到透，最后背课文？是在早读吗？,05-30
秒速三年,5,"满江红
怒发冲冠，凭栏处、潇潇雨歇。抬望眼、仰天长啸，壮怀激烈。三十功名尘与土，八千里路云和月。莫等闲、白了少年头，空悲切。占位靖康耻，犹未雪。臣子恨，何时灭。驾长车，踏破贺兰山缺。壮志饥餐胡虏肉，笑谈渴饮匈奴血。待从头、收拾旧山河，朝天阙。
",01-24
一只不听话的猫,3,每次演员们表演出他们习惯的搞笑方式，电影院里就会爆发出一阵哄笑，割喉的时候也是。那么聒噪的音乐插一段就行了，几十段就真的很不适。三颗星全给岳飞本人，多好的词，跟着复习了一遍。,01-24
就叫小杨叭??,5,期待大年初一的满江红，,01-22
胭脂十三,2,又臭又长，巧克力味的屎……国师，吃饭的本事是拿来这样浪费的吗？！！,05-02
柏拉小晨,4,怎么有种《三枪拍案惊奇》的预感,01-31
Z。,3,我不应该抱有太高期待去看的，剧情太弱了，完全靠乱七八糟无意义的对话把片子拉长到两个半小时，画面和镜头也没啥意思，就走来走去有必要展示吗…理解不了。演员确实都演的很卖力，杀总管算是小高潮挺好的，但背词那段还是觉得尬，个人感觉不值目前的评分,01-28
你找不到我,5,即使前面多次猜到反转，但最后全军背诵的地方真的把我感动到了，真的相信有些人就是为信仰而活,04-30
河原宏,1,拍出来干嘛？,05-12
小东西,2,故弄玄虚。偏偏还拍的时间那么长。不落俗套的主旋律还是有很长的路要走啊，谋导。（最后全军复诵的时候有奥运会的感觉了）,01-29
想吃西瓜,2,原来这是喜剧片啊，大过年看这电影真扫兴。,01-22
避开目光,5,高级。与人的存在相比更重要的，是文字，语言和文化。那种精神是延续下去的。,01-28
局外人psy,2,自以为是+自嗨，结果是玩脱了。,04-29
momo,1,5e剧本杀 666,02-03
林愈静,3,剧本杀电影，为追求反转很多情节逻辑不能够自洽,01-30
@_@,4,这片两个看点。一是张译和雷佳音，S级演技，二是悬疑带黑色幽默，剧情后半段应该算崩了一些，彻底放飞，逐渐离谱。,05-01
小肥啾～,1,怎么说呢………不好评价,07-21
小城的月,3,电影院看的，我对象说像在四合院玩一个大的剧本杀,02-06
喻光线面,3,还行，就是不太好看。,02-03
豆友266665455,2,真不能盲目信任大导的片子，有时候也会踩雷,01-22
夏目吾冬,1,1、遗臭万年桧贰臣，流芳百世词一阕。2、黑到深处透着红，红到尽头却是黑。0.5,04-28
金额厅,5,满江红这部电影质感还有配乐都超级好，不愧是张艺谋导演的啊，好好看,01-23
斜陡,4,国师近几年拍的电影，总是会引起各种的讨论甚至争议。就我自己而言，观影感觉还是挺不错的，我觉得如果作为类型片来看，无论作为喜剧还是悬疑剧，都挺成功！但和他这两年另外两部作品相比，我觉得和《悬崖之上》更接近点，但少了点像《狙击手》那样让我的感动。本片最后那么多人高诵《满江红》当然也很让人感动，但那是因为岳飞，而不是本片。,01-25
伤脑筋ing！,4,果然还得是唢呐啊,01-24
重生之我注六经,4,"以下这首词，才是真正的满江红。
遥望中原，荒烟外，许多城郭。想当年，花遮柳护，凤楼龙阁。万岁山前珠翠绕，蓬壶殿里笙歌作。到而今、铁蹄满郊畿，风尘恶。

兵安在？膏锋锷。民安在？填沟壑。叹江山如故，千村寥落。何日请缨提锐旅，一鞭直渡清河洛。却归来，再续汉阳游，骑黄鹤。",02-15
雅望,3,一星雷佳音，一星镜头转场。160分钟的故事只讲出了一个春晚小品的印象。,02-02
拔剑四顾心茫然,2,早期黑白剧照出来时，质感相当炸裂，众人扮相有板有眼，视效上又延续《影》的黑白影调，至少美学上不拉胯，大师就是大师。正片一出来，哦，原来是小瘪三啊。《三枪拍案惊奇》+《悬崖之上》+《金陵十三钗》+《影》=《岳飞，这盛世如你所愿》。设了一个好大的局，反转反转再反转，开心转转转？可能是知道内容太水撑不住两个半小时，所以庭院内外叮叮咣咣唱大戏，每二十分钟吼一嗓子给你从睡梦中震醒，张艺谋这是在进行全新的类型化尝试：戏园子剧本杀电影。喜剧元素约等于零，硬要说笑点，沈腾后背露出精忠报国的时候，我是又惊又笑，不能吧，玄幻题材？穿越本？转世岳飞小兵开局？后来证明我想多了。人家要的不是满江红，是万里山河一片红，大奸臣秦桧带头复诵，声情并茂，泪眼婆娑，你们是他妈背的挺爽，可怜那些观众，大过年的去电影院还得接受再教育。,05-03
白舟,3,确实能猜到一些，有反转，但不够出彩吧，达不到以前的水平,01-27
欹痕,5,优秀的爆米花贺岁档，我第一次感受到《满江红》写的真好啊！四字弟弟演技又进步了。,01-23
обломов,1,凑明星卖钱的话不如请??哥??哥他们,04-28
酸奶不酸,5,好看！全片剧情连贯不拖沓，剧情也是一直反转反转再反转，反转到最后，有笑点有泪点，全员演技都在线！看的我真的！！很激动！！！大早上起来看，值了！,01-22
C同学想当宇航员,4,三星半，故事流畅，节奏感很好，配乐也很应景，但故事反转稍微有点刻意和炫技的嫌疑，情感升华处对年轻人刚刚好，对我这种中年少女稍显幼稚，总体是值回票价的,01-24
草莓味,3,最好笑的是沈腾本人,01-27
张卿,3,一部超长的春晚喜剧小品！！！本以为讲述沉重的历史人物，结果，搞成了喜剧，并且，类似《妖猫传》，两个主角刷微信运动的步数么？看到最后，奸臣在我心中被洗白了~~~,05-24
MR.815,3,剧情还可以，但是这个配乐实在是……突然出来突然没有，一惊一乍的，每次出来我都被吓个半死,01-27
刊谬补缺,4,易烊千玺演得不错，就是太多太多反转了,01-22
大尉,4,满江红好像不是岳飞绝笔吧，但是雷佳音张译沈腾演技真的绝了,01-23
梁老师,4,一星减给集体背诗,01-24
森Zoe??,1,太恶心人了,05-21
Dreality,4,好怪，但又好看，不确定，再看看,01-24
淑女不淑女1995,2,有点尬，剧本不太用心,01-30
何求美人折,4,张艺谋果然是会讲故事的，全员演技在线，一首满江红，真是荡气回肠，谁能不感动？,01-23
NuurJannah,4,三十功名尘与土 八千里路云和月 莫等闲白了少年头 空悲切 全军复诵「满江红」真是让人热血沸腾啊！话说看完电影就去查千古罪人秦桧是否也有人性亮点 莫非是因为雷佳音的饰演？我也是深深陷入了沉思??……,05-13
江离载菁,2,蠢哭了。。。。这一代中国男导政治上的幼稚与对女性的想象方式我真的欲哭无泪。。。。。被统合是命，也是求仁得仁。,05-09
1amrr_,4,还不错～虽然没有预期那么好看 但是总体来说还蛮好看的捏 喜剧元素有点尬就是,01-22
?,4,看完何立再看安欣多少有点割裂,01-24
newquantum,3,替身情节和兵队场面都跟《影子武士》有几分形似，但完全没有黑泽明的思想层次，近似于暴力色情通关游戏，《满江红》本是悲愤的，并且反映了农业社会的自然环境、人口、生产力到天花板后社会崩溃的历史规律，若把明代无名氏伪作《满江红》的悲愤过程想象出来会更动人心魄,02-03
ghjufuuvkk,2,这作品生动诠释了什么是“原地退步”。,02-04
一个大冬瓜,1,真的很难看,07-30
stephen,1,烂到离谱，就这票房能拿这么高？真是水，再也不信国语电影市场,06-14
陈哈,3,"3.5 五十知天命、六十耳顺、七十古稀。老谋子七十反而愤上了。但他愤的对象，也有点不国际大导的路子，他跟观众愤上了。大家都叫他国师，他就真认认真真拍个意sh形态宣传片――《狙击手》给你们看看――有一说一，我觉得Y识形态宣传片要都有这个水准，那还真是算不错了。
到了《满江红》，作为一部商业“大”片，很多人都想看他砍了秦桧，他偏不――他不仅仅是觉得砍了秦桧这样的结局太俗了，太特么没技术含量了――我感觉他更多的是拧着一股劲，就是要跟你们这些一会捧他一会踩他的观众逆着来。
其实《满江红》的走向可以更高级的，就像跟他认为的“傻逼”观众干架――也可以更高级的。但是老谋子的根子里有些东西去不掉，没法强求――就像这部片，他已经很把那人海嗜好的审美摁下去了，但还是时不时要蹦出来一下。",05-02
JOHN,4,瑶琴演技有待打磨啊,01-28
goodbyejune,4,3.5★观后感：《让子弹飞》申遗，抓紧申遗,01-24
兹山一条鱼,2,完全无法入戏，很多现代用语，明星太多，完全没法对应上他们演的角色，这就是个过年小品吧。最佳张译，只有他的部分不让我觉得他们是真的认真办案认真杀人，不是在玩闹。,05-01
恩施彭于晏,1,国师只剩下布景的能力吧… 依然是悄咪咪舞起民族主义大旗，玩起忠义的游戏，拜托 都2023年了 看看香港人家在拍什么？还在这搞大义呢 玩呢？闹呢？ 沈腾是在演电影吗？小月月都比他来的自然。科恩兄弟的手法再来一遍 三枪用一次还不够？红樱桃借用不新鲜…  退隐吧 别出来丢人显眼了…,05-01
顾兰君不姓顾,2023-10-05 15:17:24,内娱有类型多样的春节档电影，是大众的福气。,dateerror
龙光彪,3,我就想看看到底有多差。真的不太行。这个idea不太行。这也就亏着名导和实力演员，还能勉强保住点基本分。同样的故事但凡换批人，得被喷死。总有人批评《十面埋伏》，十面埋伏比这好看多了，浪漫的爱情这个立住了好伐！,06-04
黑猫,3,"整体偏乱！
不好看…
几个演员可以，就是说不上来的别扭…导演拍的 一言难尽",05-04
吃不吃巧乐兹,3,开头过了十几分钟才捋清楚是怎么一回事，整部剧其实就是一局鹅鸭杀。,01-28
懂某雨,4,将喜剧+反转作为卖点的商业片，看到最后还是不免得陷入血腥和沉重，春节档真的不适合放这种把小孩吓哭说“妈妈我不要看了”的片子。何大人死的过于草率是个败笔，韩红的配乐是个记忆点。,01-27
慕容阿豹,2,不搞那些破宣传懒事情还能当个普通下饭电影pad上随便看看，搞了那么多骚操作还骗我一张电影票，两星不能更多。转场要命音乐真的可以不要。,02-06
落语,1,拍的古不古今不今的，拍古装不能好好拍吗？古人是这样说话这样打扮的？剧情，摄影，音乐，演员，有哪一项出众的？中国是不是没人会拍片了,02-19
纯洁的小蝴蝶,2,烂片！直说了，我没有睡着的理由只因为每隔二十分钟突然响起的巨大声BGM……整个片子我唯一觉得有点东西的是最后的《满江红》，巴特也只因为这首词的内容（和表现形式无关）两星给这首词,02-06
申由己,3,这不就是荆轲刺秦版三枪拍案惊奇么？国师就拍了这么个玩意儿？90分钟就能讲好的故事完全是故弄玄虚，拍的又臭又长。,04-30
呼啦呼啦,4,我觉得挺不错的，除了那么多转场的音乐突然挺吓人的。,08-17
井口之蛙,3,影片开始以后，富有特色的唱词和强调，让整个节奏充满了独特的喜剧色彩，在狭小的空间内，流畅的场面调度也让人眼前一亮，进入高潮之后，整个影片就开始变质了，张译的角色死的过于刻意，最后莫名奇妙的多次反转，那么多人的牺牲只为了一起合唱满江红（说实话那个场面看的太尴尬了），我就纳闷了，老谋子要是不搞点人海战术，就不会拍戏了？,02-16
安迪,4,感觉像是看了一部剧本杀,01-30
N-curiosity,4,大部分时间里都是精彩的，很新颖，用密室推理和喜剧穿插的方式讲历史，唯一不能自洽的点是整个故事的行动逻辑，既然都能制服秦桧了，却不杀他也不公布他通敌的罪行，就搞了一出集体朗诵的仪式，有点为煽情而煽情的意思。,01-25
shawnj,3,《活着》之后，国师的电影一味概念先行，他总在试图讲述一个其口中“层层剥茧”的精彩故事，结果却愈加凸显对细节打磨和把控的欠缺，或者说将所谓的内核和精神看得过于惊世骇俗技惊四座了。前半段还行，从何立遇刺智商一路走低。不过张译还真是个好演员,05-02
青丝微绾,2,打动人的是岳飞的《满江红》，而不是拍的这狗屁玩应,06-18
猫眼看世界,1,导演做局玩观众。,05-13
usc3l,2,感觉适合国庆放并不适合春节档,01-23
星,3,那个口红好厉害，保持度很强,01-22
7,3,前半段还行 后面突然煽情有点生硬了,01-23
Mido,3,就很工整的电影，但是非常刻意地想迎合观众，为了反转而反转，内里是空的。,08-04
无鬼斋,1,真是奸臣不杀留着养老啊??那还玩什么剧本杀呢,04-29
胖葫芦1024,3,总体中规中矩，但我没啥可回味的。最后集体朗诵满江红我觉得有点尬,01-25
圣绅士,3,这戏的套路越看越像春晚小品，先给你一段乐子，最后给你一番正能量教育。。。,05-07
热情华夫饼,1,开创了全新类型：桌上足球电影。嗯,07-02
小帅212,3,"7分（希望豆瓣能改成十颗星评分，对于选择困难症太不友好了??）

过程还挺好的，后半段拉胯了
步骤越多越容易出问题，这计划也太繁琐了！！
而且前面都说任务是刺杀，到最后十分钟改成了问词，那前面一些人的行为就离谱了呀，万一没有木头人，那个女的刺杀成功了呢？

总而言之值得一看，我觉得值回票价了，但是细节有点禁不住推敲

随便提一句，如果要过年带父母看电影的话最好别看，看一个开开心心的无脑喜剧可能更合适??",01-22
Botanist,2,哈哈哈哈哈哈哈哈张艺谋哈哈哈哈哈哈哈哈哈哈,09-27
：,2,张艺谋的青春疼痛文学。,07-23
榜上有名猫,3,一堆大咖齐演话剧，怪不得票房高，成色驾轻就熟，说不上有大毛病，但在熟悉的故事背景之下，这种局中局改编有点过于刻意。PS：过场曲太嘈杂了，让人心烦。,07-17
自醉,1,好久没看过这么荒谬的电影了，处处充满了臆想，降智、反智、把满江红强行塞进了一个狗屁不通的故事,11-26
Die Katze,2,直接在钢甲外面挂武器。,06-20
潮汐,3,这钱真好赚啊，一个大院拍完所有戏份，最后再背个课文升华一下，就能四十多亿，好也是满江红写的好，才让电影最后升华了,12-23
拉文桑,1,狱卒不识字，只知道是一百零一个字。于是岳飞在监狱的墙上写过字这件事传遍了岳家军，唯独瞒住了秦桧，直到替身死后还在对自己被骗的事实感到震惊。不知道是秦桧傻还是导演觉得观众傻。,07-21
zh,4,也不错，但是不如球2。春节带父母还是看这个吧，我爸看球2睡了一半，看这个全神贯注。,01-25
四季如春,5,每个人的演技都很在线 每个角色背后都能看出演员的付出 实力演员和导演打造出的好作品 看《满江红》只有哭和笑！大年初一看满江红 顺风顺水样样红！太值得大家冲了！《满江红》放在春节档再适合不过了 大年初一和家人一起笑到最后！,01-22
夏侯,5,最后的复诵看到热泪盈眶，诵的是民族大义，泪的民族大义。,01-27
快快乐乐每一天,5,张艺谋近年来最好的电影之一，情节紧凑，扣人心弦，雷佳音奉献出了影帝级别的表演,01-31
已注销????,1,由此片可知，老谋子是真的很满意三枪拍案吧，说演技，配角演的比主角好。剧组宣发用瘦金体写满江红这种骚操作真的很下头，仅有的一星给岳将军诗句，待从头收拾旧山河！别让汉奸垄断了文化！建议主创你们去秦桧铜像前面演吧，真的不要一点脸了，这洗白谁呢,05-21
吃面条要放醋,2,丞相你拿什么和我斗，外面全是我的人,01-28
赵大宝,2,这拍了个啥啊。。。。,05-21
milancoffee,2,尬死了；剧情幼稚；所有视野就那么窄。,04-29
David,5,小时候看了岳飞的故事，气的直跺脚。到今天没想到国师拍了如此浪漫英雄主义的故事。情节转折很用心了，不必太严苛去纠结。本来觉得沈腾和岳云鹏出戏，但看完觉得如此严肃的故事，上了他俩才有了些趣味性。四字弟弟角色都接的有挑战，不错的。背词这里正奇怪，没想到能这样圆过来。满江红，情绪拉满。满分点赞国师的情怀。,01-27
lixunhuan,3,费老鼻子劲儿整这么一出就是为了获取《武穆遗书》？？你们都是郭靖吗？,01-23
号洛涵,5,论大场面，还得老谋子。波澜壮阔的在电影院默背语文课要求的全文,01-23
Percival,4,"看到导演：评分稳了
看到演员：??",01-24
无敌四边形,5,“三十功名尘与土”，岳王爷您谦虚了,01-27
冰山的阴影,1,张艺谋你给我一个不杀秦桧的理由。,06-14
菜根,2,拍的是个小品剧，和之前的《厨子戏子痞子》有点类似。文戏多，基本没有武戏，可能有期望落差。,05-06
钱包你瘦了,5,观影体验很棒的三一律电影，第一分钟入戏，惊喜的是老谋子会玩喜剧了，原以为会很严肃的历史题材竟然笑果满满，到了满江红复诵的时候又让人热血沸腾几近泪目，第一次为这首词如此心潮澎湃。不过成也萧何败萧何，喜剧效果很好，却也必然在一定程度上消解掉一部分严肃性，所以4星少5星多系列吧,01-25
小茶杯,5,一颗星雷佳音 一颗星张译 一颗星沈腾 一颗星小岳岳 一颗星张艺谋导演??????????,01-23
Joyce,4,全员演技在线，but看完就一个疑问，为啥一定要知道信写了啥啊？,01-23
早口小姐,4,论背书的重要性！只是说话声音很小一到配乐出来就突然大声，一惊一乍的。情节比较黑色幽默，杀人出人意料。很少看张译演坏人，演得不错！四字妆造加持，胡子拉碴的，不出戏。,01-19
x,2,鞭错尸了,02-24
Kurt Ch'ien,3,打三星是给国师面子，故事确实很扯～,06-10
菠萝包,3,一般……真的一般………一般到让我感觉我八十多块的票划不来的程度……但是四字演技不得不说，完全看不出来是偶像出身，演技真好,01-26
Virgil,2,230128,04-22
我想喝绿豆粥,1,因为一些原因不得不看，看到女性角色的片段是真的让人生理性的恶心，不敢相信这是2023年的电影。非常程序化非常没有真情的电影，表演演得程序化，演员选得程序化，剧情写得程序化，一味的反转只让人觉得疲惫。镜头里看不出创作者一点对于电影的真情，只有套路和程序，太失望了。补一句，不敢相信这部电影是2023年到现在为止的票房冠军，到底都在给观众喂什么??吃啊。,10-15
Eve,5,剧情层层剥茧，反转之中有出乎意料的惊喜；精神内核螺旋上升，从一开始的小人物为了自保活命，中间穿插亲情爱情，直到最后的家国大义…为了让满江红慷慨激昂、撼动人心，还特地设计一出假人桥段。最牛逼的是处处情义但不煽情沉重，而是套了个喜剧的壳子引人入胜，让节奏轻松结局感人，是我近年看过最好的中国电影。ps岳云鹏太为喜剧效果增色了！,01-25
小米=qdmimi,4,确实是老年人拍出的稳当片儿，但就是成了，原因八成是大劫重生过后长起来的这辈国人，骨子里都有抱着电台听岳传的情结。嘴说不出，眼看不见的时候，声音还能留下最后的浪漫和激烈。,05-13
五岳派岳盟主,5,为了这个结局反转再反转，绝对值得五分。前期是有点拖沓了，感觉很水的样子。但从沈腾是岳家军复仇就非常精彩了。尤其是秦桧居然有替身，背满江红的时候我还想着他怎么这么激情昂扬，结果这小子怕死连去看岳飞死前都不敢，这个任务塑造满分。我觉得艺术效果完全可以接受，这么大的局就是为了一首满江红可以被听见，或许真就有那么一群人为了公道而活,05-19
{.L,5,看完了，配乐很强 ，反转超级多啊。演员都很棒，看得超入戏,01-22
可爱多,4,沈腾和张译演的太好了,01-31
陆毅(2010年版),2,跟朋友去看的，看了半小时开始打蛋仔派对。。。,01-22
心灵螳螂,3,"经典春节档，看着卖相还行，被摄影骗去看了。
急剧的压缩空间，玩了个大乱炖，又是古装历史又是悬疑推理又是搞笑喜剧又是家国情怀，结果啥也没捞着。
特么的像个电影小品。",01-24
迷特波鲁,2,音乐音量太吓人扣一星,05-03
huyouyou,4,来回穿梭的背景音乐、全军复诵大场面（包括敲击盾牌）、最后的剧情反转、都有着老谋子的独特DNA。#20230127,01-27
边说边学的小涛,4,国产电影 满江红 2023；四星；1有时候多背背满江红也好 心里是红色的人多了 才能实现元帅的梦想 当然也是我们和我们先辈的梦想 一统山河，，。2 人物我都 很喜欢 沈腾他们的表扬绝对是值得一看 人物的故事线，，为什么是他们去执行任务 因为岳家军的人一定接近秦桧 所以他们应该是一群底层 英雄莫问出处 人物真的很不错。3故事 首先是满为了让观众看饱 有些地方讲的实在是太明白了，，主线故事是用一封无理上不存在的信 去赌不知道存在与否的满江红 关键是他们这计划 它太不稳定 电影一开始主角就在赌亲情 电影最后那只鸟如果人家侍女一刀下去就解决了呢 计划长不确定的东西就太多了 更有意思的是电影结结实实的给了观众大量的时间思考。日常；其实 悬疑片本身就很难 加别的元素就容易，，故事逻辑 人物逻辑 现实逻辑,03-02
Fiona和平,3,太土了，受不了,05-07
猫小咪,3,"1.背满江红那里我很感动，当时秦桧热泪盈眶，我以为是演员忘记了角色，自己在背
2.秦桧的什么名誉说词，一句都没感觉，我还以为是电影讽刺他。结果网上说在洗白，真得吗，如果是真的，那现在的魑魅魍魉也太多了。
3.BUG不少
4.易烊千玺演技烂，存在感很弱，没了周冬雨就真的只有一个表情，其他好演员好导演都带不起来了。
",01-31
d醒 Nostalgia,1,没有幽默天分的人为啥非要去碰喜剧？这种从里到外的尴尬看的着实让人很难受，很长时间没有这么果断的打一星了，一直到最后全军的背诵这种桥段实在让人无法忍受判定这是一部极其糟糕的电影。影片开始或许还能好奇这种密闭空间和有些切合当下潮流的剧本杀在张艺谋的理解中会有怎么样的融合，从配乐到喜剧化的演绎，就让人感觉不妙了，这种不妙一直延伸到后半段被放大，让整个电影成为一个急转弯式的被强硬剧情逻辑支配的傀儡。,05-06
盛宴,3,一般,01-26
tintin,3,三星纯粹给演员，我觉得也就2.5。如果它结尾的反转不出现（雷佳音那个），他就是一个非常优秀的历史讽刺喜剧。唉,02-06
CeBerg,4,我不喜欢看小品演员演电影。,06-17
圆石,1,"精致的塑料狗屎
鼻子是闻不到臭味
但胸腔全充斥着臭味",05-05
momo,3,反转确实不少 张译和雷佳音确实nb 但结局是真的一言难尽……,01-26
-suguru-,4,和“无名”差不多是同类型的电影。如果说程耳还在追求他自己的红高粱，那么张艺谋则是已经看透一切成功公式了。可以算是一部“螺丝壳里做道场”的电影，适当的搞笑加热血几乎永远是票房的基本盘，再加上如同悬疑话剧一般的推进力，从观影的角度就觉得很愉快，电影中《满江红》带来的大气感不是电影本身带来的，而是中国的义务教育带来的。演员都还不错，尤其沈腾用他那张一看就笑的脸，克制地搞笑，并在正剧上实现了某种突破，想起了葛优后期在罗曼蒂克消亡史的探索。,01-25
锅蒸之鱼,4,这些年来，初一早场的电影渐渐取代除夕夜里的春晚成为每年最鲜活的记忆。如果期待放低，电影也还不错，张艺谋用一出开心麻花的台本演绎自己对艺术的追求。我挺喜欢场景变换时的画面/旋律/节奏变化，还有那句“他的软肋就是他的女儿”。豆瓣影评特别撕裂，不是5星就是1星，真像当今社会缩影。,01-22
薇_尼卡,4,完成度很高的一部精心编排的小品。就是需要精神高度集中，反转反转再反转，稍不留神容易懵逼。雷佳音太好了，其他人也都不错，弟弟是个演员了。23.1.29,05-02
thintoy,5,漂亮，聪明。从头反转到尾，站得住，有意趣。半点神都没空走，就是憋尿有点辛苦。形式最大化为内容服务。拍了一个极血腥和暴力的故事，然而有了恰当的立场，也可以出炉了。很好看。张艺谋受科恩兄弟的影响挺大的。张译好会演。,01-24
Leon,5,你以为的，真不是你以为。国师73岁了，出手还是那么稳准狠，悬疑，搞笑，还有最后的“全军复诵”。新的一年，让我们再次背诵《满江红》。,01-22
Clyde,1,成为国师之前，《三枪》是老谋子最差的作品，成为国师之后的最差，应该就是这部了，比《长城》还差。《长城》的差，是简单粗暴的差，这个差，差在认知水平上，也差在常识逻辑上，还差到了尬出天际。,02-17
T.V.Zoe ?,3,为了反转而反转，煽情配乐都突兀，演得最好的是雷佳音吧。,05-24
油漆君,3,之前听说满江红因为制作时长很短投入资金也少但竟然比球2票房要高，由此获得了很多批评。我一直觉得好片子不能用时长和资金去衡量，观众一定被带节奏了。直到我看完了以后，发现批评的声音太少了。。。,05-01
oceanblue eyes,1,剧情不对我胃口,01-28
有寂,2,像一粒大的壮阳药,05-16
爱看电影的球,2,沈腾、易烊千玺、雷佳音、张译，可以。岳云鹏格格不入。影像风格类似《影》，灰突突。想做黑色幽默，但确实不幽默??,01-22
风留给春天,4,昆汀能让几个傻子杀希特勒，张艺谋也能让秦桧背满江红。想法挺好的。,08-07
莫奈想??????,4,要再去验证一下，喜剧是不是国师的死穴,02-06
babudo,2,国师的套路，比上次那个《三枪拍案传奇》强点。依旧是无厘头的情节，夸张的装修。,06-10
*,2,参与了人物设计,01-25
冰拥天下,5,难得的情理之中意料之外的古代悬疑谍战影片，反转的设定让整个剧情和人物都变得更加丰满和可信，特别喜欢人物反复走在小巷中的镜头语言，最后全员复诵《满江红》的设定太张艺谋了。,01-30
残小雪,2,折腾那么一大圈，上了节语文课。,10-28
iasun,4,"张译出场的时候真的给人仙风道骨的感觉，他好适合演杜甫，谁懂？
沈腾叔叔一百分！雷佳音的秦桧有点出戏。",01-28
vici,3,一部合格的娱乐片，但看到导演是张艺谋，不禁惋惜。张译和雷佳音比较出色。,05-06
ZeonGin Sou,2,对白密集、反转有趣，但不足以支撑尬背课文的逻辑。主线吸引力寥寥。转场音乐突然拉满简直要命。PS：全场最佳雷佳音！,04-29
兔子不吃窝边草,1,受不了这样压着声音说话，易烊千玺别演戏了行吗？！认清自己很难吗？！,06-28
GeminiKris,4,寓意深远，情节紧凑，反转频出。虽然剧情凑的有些勉强，但仍是一部非常好看的电影。演员们的表现也很优秀，易的演技还要多向前辈们学习。,05-18
张苑希,3,属实反转上长了个电影。一味在剧设上疯狂做加法而罔顾逻辑合理性，最终只能呈现出这种古怪割裂的观感，合着前期深宅大院千回百转交锋博弈，最后就是为了整这出庞大的爱国主义教育。于是乎票房有了、煽情有了、类型杂糅有了，然而内里主体表达是空心的，完全靠花里胡哨的形式+强上主旋律嫁接出的产物。创作者表达意图过剩凌驾于平面叙事之上，戏谑历史过头致敬经典反成庸常闹剧。配乐一惊一乍吵得脑壳疼。,05-04
林娜链,5,看了第一场，国师就是国师啊，镜头太美了，编剧陈宇可以多合作，四字弟弟演技还是稳的，有望刷脸颁奖季节，雷佳音也出彩，最佳男配应该稳了，下午看《流浪地球》。,01-22
图腾大船长,5,就最近的国产电影，我最看好的只有这部。,01-25
宫唯明,4,一件小事走马灯般的推动，慢慢变成了关于家国情怀的大事。两个半小时并没有太多冗余，反转有意料之中也有意料之外，只是个人觉得目的从刺杀变成保留精神的转变有些生硬，喜剧的成分也并未完全融入故事。不过从整个春节档来说，这部可能是观感最舒服的了,01-25
Listen-22,1,12 块都花多了，就该看盗版的,05-07
boris.,5,张艺谋的摄影很好，光影结合非常到位，易烊千玺的演技有很大的突破、书写了家国情怀，唤醒了一代人的报国之心。IMAX影院观影体验极好！,01-22
蜂唐罗隐,5,"【A】
夸的话 都让人说尽了 满江红一说出倒是让我想起自己大学提前批的时候 面试官问我有什么才艺 我说没有 就背一个满江红吧，啊哈哈哈 所以听到这声声词曲 又尴尬又兴奋",01-27
王脱盐,2,到底是谁意淫出来的剧本,09-14
黑眼胖子,3,那可是《满江红》。,01-29
