5.0,5.0,张小北
2.0,2.0,qw0aszx
4.0,4.0,影志
5.0,5.0,乌鸦火堂
4.0,4.0,朝暮雪
5.0,5.0,姨妈的鸭
5.0,5.0,巽
4.0,4.0,亵渎电影
4.0,4.0,琦殿
5.0,5.0,谢飞导演
5.0,5.0,乙小
5.0,5.0,SingLesinger
4.0,4.0,同志亦凡人中文站
5.0,5.0,猫一
4.0,4.0,巴伐利酒神
4.0,4.0,根
4.0,4.0,谢谢你们的鱼
4.0,4.0,Yu
4.0,4.0,武侠小王子
4.0,4.0,银谷
4.0,4.0,一只麦麦
4.0,4.0,风间隼
4.0,4.0,大旗虎皮
4.0,4.0,徐若风
4.0,4.0,Evarnold
5.0,5.0,顿河
4.0,4.0,科林
4.0,4.0,黄青蕉
4.0,4.0,胤祥
4.0,4.0,三七莲华
4.0,4.0,小伙锅
4.0,4.0,冰红深蓝
4.0,4.0,迨
4.0,4.0,朝阳区妻夫木聪
4.0,4.0,妖灵妖
5.0,5.0,德川咪咪
2.0,2.0,匡轶歌
4.0,4.0,恶魔的步调
4.0,4.0,mumudancing
4.0,4.0,天亮天黑
4.0,4.0,黑狗成
2.0,2.0,俊采星驰
1.0,1.0,小花虎
4.0,4.0,南笙
4.0,4.0,黑狗成
5.0,5.0,陈楸帆
4.0,4.0,南笙
4.0,4.0,内陆飞鱼
5.0,5.0,杨迪
4.0,4.0,朝阳区陆依萍
5.0,5.0,纽太普
5.0,5.0,壹安2
4.0,4.0,雨前羽街
5.0,5.0,大海里的针
4.0,4.0,张春[阿卡纳]
4.0,4.0,小A
2.0,2.0,宽松睡裤又如何
4.0,4.0,余小岛
4.0,4.0,有心打扰
4.0,4.0,phoebe
4.0,4.0,姬十三
4.0,4.0,小岩井
5.0,5.0,沈入忘??
4.0,4.0,思郁
5.0,5.0,冬惊
5.0,5.0,sweet1002008
2.0,2.0,汽车大师
4.0,4.0,陆钓雪de飘飘
5.0,5.0,汝就做吾的犬吧
5.0,5.0,孤鸿影
4.0,4.0,心生
5.0,5.0,K
4.0,4.0,darkcat
5.0,5.0,*ST-MachineGUN
4.0,4.0,熊阿姨
5.0,5.0,青泥
4.0,4.0,老阿飞―故园
5.0,5.0,连城易脆
5.0,5.0,易老邪
5.0,5.0,su27根本就没有
1.0,1.0,Drizzt
5.0,5.0,hidecloud
5.0,5.0,赫恩曼尼
2.0,2.0,花小绳
5.0,5.0,三丰SF
4.0,4.0,SydneyCarton
2.0,2.0,魏晓波
5.0,5.0,张劳动
5.0,5.0,lowdive
4.0,4.0,乌鸦乌鸦
5.0,5.0,香水瓶
5.0,5.0,小油飞
4.0,4.0,LORENZO 洛伦佐
3.0,3.0,A。
5.0,5.0,魂
4.0,4.0,从嘉
5.0,5.0,怀特金
3.0,3.0,⒌でShelia
3.0,3.0,Amber―a
5.0,5.0,恶魔奶爸Sam
4.0,4.0,明安
4.0,4.0,离净语
5.0,5.0,??Psyche
5.0,5.0,星辰
4.0,4.0,李Lemon
4.0,4.0,畈g
4.0,4.0,神马HD
4.0,4.0,瑾朵朵
5.0,5.0,budweiser
4.0,4.0,seamouse
4.0,4.0,天马星
4.0,4.0,李九弟Jody
4.0,4.0,内有恶犬
1.0,1.0,柴禾-ChaiHe
5.0,5.0,丹AI??
3.0,3.0,快转眼球
4.0,4.0,拐子流星锤
4.0,4.0,n u
3.0,3.0,肖浑
1.0,1.0,梅 川 酷 子
5.0,5.0,晴耕雨读
4.0,4.0,瑞波恩
4.0,4.0,判官
4.0,4.0,诸葛若见
3.0,3.0,脆弱社畜晴阳阳
2.0,2.0,小晨
4.0,4.0,RitaW
5.0,5.0,Tuna Bento
2.0,2.0,六十六个猴
1.0,1.0,Irreversing
3.0,3.0,迷宫中的站起来
4.0,4.0,shawnj
4.0,4.0,灌水机
5.0,5.0,索拉里斯的海
2.0,2.0,扰乱
3.0,3.0,二狗
5.0,5.0,筱珊君
5.0,5.0,fomalhaut
2.0,2.0,大米饭真香
1.0,1.0,宇宙Ap
5.0,5.0,xīn
3.0,3.0,马拓
3.0,3.0,我对你的无语简直能沉默整个宇宙
5.0,5.0,Azeril
2.0,2.0,domanda
4.0,4.0,fateface
4.0,4.0,周眠
4.0,4.0,陈灼
4.0,4.0,岛上的夏奈
5.0,5.0,陆冠均
4.0,4.0,萧湘
4.0,4.0,希夷子
5.0,5.0,曼i
4.0,4.0,小米=qdmimi
3.0,3.0,方枪枪
5.0,5.0,Dr希鲁鲁克
4.0,4.0,好好好
4.0,4.0,红豆?
4.0,4.0,T.V.Zoe ?
5.0,5.0,阅微草堂
5.0,5.0,deep and quiet
4.0,4.0,叫我滚去学英语
5.0,5.0,xiaohanyu
4.0,4.0,光明小卖部??
5.0,5.0,LF
4.0,4.0,楚平
4.0,4.0,A-sun*
3.0,3.0,齐木楠雄
5.0,5.0,Mamula
4.0,4.0,Y2K-nostalgia
4.0,4.0,邓若虚
4.0,4.0,聆雨子
4.0,4.0,jagpumpkin
4.0,4.0,欧阳杼
4.0,4.0,antares
5.0,5.0,苇间疯
2.0,2.0,温泽
4.0,4.0,白
4.0,4.0,梅花牛
4.0,4.0,我是大皮哥
5.0,5.0,代号273
5.0,5.0,wlx09405101
4.0,4.0,突然粉碎
4.0,4.0,莫陶客
5.0,5.0,酒
4.0,4.0,火娃
5.0,5.0,严荼
4.0,4.0,墓岛GRAVELAND
4.0,4.0,赵启辰
4.0,4.0,CapyPOWER！
3.0,3.0,Lily Legacy
2.0,2.0,东宫六爷
5.0,5.0,小川叔
4.0,4.0,飞行官小北
5.0,5.0,苏仁
4.0,4.0,有有
5.0,5.0,陈长生
5.0,5.0,GQismyname
5.0,5.0,iu
5.0,5.0,Lirwe
4.0,4.0,Panda的影音
5.0,5.0,宇镭
5.0,5.0,丹鲨
4.0,4.0,宅蘑菇Moku
4.0,4.0,栗一
4.0,4.0,Norloth
4.0,4.0,巴
4.0,4.0,更深的白色
2.0,2.0,麻友安
4.0,4.0,包子
3.0,3.0,女巫
3.0,3.0,沈枯燥下班了??
4.0,4.0,水仙操
2.0,2.0,烤芬
2.0,2.0,挂拉
4.0,4.0,钟螺
4.0,4.0,肖恩恩恩恩肖
4.0,4.0,SleepWalker
5.0,5.0,锦翼
5.0,5.0,妖孽坐地成仙
4.0,4.0,无非
5.0,5.0,梦魇马戏团
4.0,4.0,白老师
5.0,5.0,Neo
5.0,5.0,??????????
4.0,4.0,viennavirus
4.0,4.0,momoko
5.0,5.0,独行侠杀手阿何
5.0,5.0,我不在这
5.0,5.0,懒得懒了
2.0,2.0,豆友262737412
5.0,5.0,影沫
4.0,4.0,阿稚
4.0,4.0,深水怪
4.0,4.0,路德维希
5.0,5.0,螃蟹
5.0,5.0,木・子鱼
4.0,4.0,魔力水族
5.0,5.0,古尔浪洼
4.0,4.0,文泽尔
5.0,5.0,ZeonGin Sou
4.0,4.0,猫
4.0,4.0,阿依达
1.0,1.0,DearLeslie
4.0,4.0,深夜的阿斯伯格
4.0,4.0,巴豆虽好
4.0,4.0,女神的秋裤
4.0,4.0,思考的猫
3.0,3.0,静眠虚空
4.0,4.0,黄悦_
4.0,4.0,瓦力
5.0,5.0,虫虫
4.0,4.0,羚羊的灵魂
5.0,5.0,大唐来的高僧
3.0,3.0,它们人类
4.0,4.0,Carf
4.0,4.0,替身使者张阿谁
5.0,5.0,X
4.0,4.0,TheGZMovieGuy
4.0,4.0,竹内亮
4.0,4.0,Fan
4.0,4.0,空山
4.0,4.0,卡列宁的微笑
4.0,4.0,知心哥哥noly
4.0,4.0,Lightning
1.0,1.0,KK
2.0,2.0,树上的卡夫卡
5.0,5.0,薛三弟
5.0,5.0,亲爱的桂花树
4.0,4.0,lee
5.0,5.0,boks
2.0,2.0,蜜思丝
5.0,5.0,宇文宙
5.0,5.0,阿撇
4.0,4.0,粟冰箱
4.0,4.0,小三的意思其是如果先生
2.0,2.0,抑尘
4.0,4.0,Athumani
4.0,4.0,kulilin
2.0,2.0,铎奇
5.0,5.0,海边的安托万
2.0,2.0,一灯
4.0,4.0,lisa|离
4.0,4.0,やま
4.0,4.0,曾海绵??
3.0,3.0,沉默の玩
5.0,5.0,Jesse
4.0,4.0,碧浪达・大可爱
4.0,4.0,赫克托尔
4.0,4.0,会有前路
2.0,2.0,懒羊羊(已睡觉)
4.0,4.0,Jasper
1.0,1.0,wsj
1.0,1.0,健康好运开心宝
1.0,1.0,思路乐
5.0,5.0,ANZY
2.0,2.0,你大爷的丈母娘
2.0,2.0,哪吒男
1.0,1.0,watermelonbean
4.0,4.0,kuma
1.0,1.0,闲日游荡
4.0,4.0,momo
5.0,5.0,壹安2
2.0,2.0,同志亦凡人中文站
1.0,1.0,陵师
1.0,1.0,我叫凌可可
1.0,1.0,magoo
1.0,1.0,米仙子
1.0,1.0,南风吹
5.0,5.0,Aires鹏飞
2.0,2.0,Lucas2333
2.0,2.0,蒲公英_
1.0,1.0,我酷的很厉害
4.0,4.0,桔子不是唯一的
2.0,2.0,风信子
1.0,1.0,林娜琏
1.0,1.0,Davidc
4.0,4.0,一只墩墩
2.0,2.0,不爱吹头发的猪
2.0,2.0,ECF?
4.0,4.0,李梦
1.0,1.0,如是我文
2.0,2.0,旗虻
2.0,2.0,小药君
1.0,1.0,腿部多肉算胖不
2.0,2.0,momo
1.0,1.0,腿部多肉算胖不
1.0,1.0,l舾呤
4.0,4.0,李梦
1.0,1.0,纯情少年李八唧
3.0,3.0,误痴夏日
1.0,1.0,小明同学
2.0,2.0,水鱼宝宝
5.0,5.0,唉唉唉德华
1.0,1.0,不文艺的青年
5.0,5.0,安琪
3.0,3.0,韩小四
1.0,1.0,??
1.0,1.0,剑者心之刃也
2.0,2.0,ReyreyQi
1.0,1.0,我们都是工具人
2.0,2.0,applemelon
1.0,1.0,蓝、柒
5.0,5.0,罅天暗房
2.0,2.0,Lottie
2.0,2.0,Freud
3.0,3.0,嗨seven
4.0,4.0,郭小鸟??
1.0,1.0,脑袋比手大
3.0,3.0,大聪
2.0,2.0,翻滚吧！蛋堡
1.0,1.0,ylujiuy
2.0,2.0,一只棉垫蚧虫
1.0,1.0,小孤独
2.0,2.0,哲学洋甘菊
1.0,1.0,Joker
1.0,1.0,??
4.0,4.0,张小北
4.0,4.0,阿德
2.0,2.0,豆友167505835
1.0,1.0,藏着不等于遗忘
2.0,2.0,momo
1.0,1.0,星童
2.0,2.0,No one see me
4.0,4.0,如小果
1.0,1.0,momo
1.0,1.0,momo
1.0,1.0,jd2007
1.0,1.0,丨
1.0,1.0,Hemerocallin
5.0,5.0,xxxxin1
1.0,1.0,煎饼果子不要葱
1.0,1.0,狗哇
5.0,5.0,向来痴
5.0,5.0,PENGUIN
2.0,2.0, 么么真人
1.0,1.0,马赛克
4.0,4.0,云迪迪
1.0,1.0,wang2345
4.0,4.0,阿尔兹兰
1.0,1.0,ImbaBruke
1.0,1.0,迪士尼在逃野兽
1.0,1.0,铁板烧鱿鱼
1.0,1.0,。
2.0,2.0,riossssse-
1.0,1.0,积极讨论
1.0,1.0,鬼束千寻go
2.0,2.0,浣上不睡教
1.0,1.0,罗马法王章北海
1.0,1.0,djdjjfiddkks
5.0,5.0,啊O
4.0,4.0,Elise同学
4.0,4.0,Katie是王姑娘
2.0,2.0,鲜藕大王
2.0,2.0,康堤
1.0,1.0,尘飞扬
1.0,1.0,漫长的白日梦
4.0,4.0,宋雯婷
4.0,4.0,谈教育的陈老司
5.0,5.0,修身
5.0,5.0,楼空城剑
4.0,4.0,Envy Ryu
1.0,1.0,??
2.0,2.0,保护鸡蛋
1.0,1.0,天下
2.0,2.0,提香
4.0,4.0,毛利小九郎
2.0,2.0,OVERDOSE
1.0,1.0,鸩肉
1.0,1.0,FloriaZENG
4.0,4.0,方枪枪
2.0,2.0,郭大侠
1.0,1.0,??
1.0,1.0,克孜色勒的风
2.0,2.0,Katherine
2.0,2.0,二月鸟语
1.0,1.0,鳄鱼
1.0,1.0,人
2.0,2.0,Reason
1.0,1.0,小梨花c其他
1.0,1.0,shankar
5.0,5.0,沐子荒
2.0,2.0,亭鬼
1.0,1.0,发条陈
1.0,1.0,托尼・王大拿
4.0,4.0,特雷西
1.0,1.0,躲猫猫喝白开水
1.0,1.0,小姑凉
5.0,5.0,豆影
2.0,2.0,天道酬勤老夫子
1.0,1.0,萌能量女王
5.0,5.0,Pukii
1.0,1.0,地铁大爷
2.0,2.0,Garcia
4.0,4.0,tanktank
2.0,2.0,bamboo
3.0,3.0,不二
5.0,5.0,无名人士
5.0,5.0,欢颜。
5.0,5.0,罗兰
4.0,4.0,一粒妖蛋
1.0,1.0,Eveyyy
5.0,5.0,小刀大神
1.0,1.0,真是最重要
1.0,1.0,momo
3.0,3.0,青
5.0,5.0,已注销
1.0,1.0,已注销
2.0,2.0,Mia
1.0,1.0,最大bug啊
1.0,1.0,务实
1.0,1.0,小短发
1.0,1.0,大帅movie
2.0,2.0,梦境
5.0,5.0,趣多多??
1.0,1.0,小松菜奈
2.0,2.0,Da.ni.o
5.0,5.0,笑语耳
1.0,1.0,栗子拿铁
2.0,2.0,NoMo
4.0,4.0,咕噜咕噜咕噜
1.0,1.0,平淡奥赛罗
1.0,1.0,行走天空freaky
4.0,4.0,CerizMe
3.0,3.0,陈六羡
4.0,4.0,fairy
4.0,4.0,贾小佳
4.0,4.0,布谷布谷
5.0,5.0,魔都小笼包
5.0,5.0,宇文宙
4.0,4.0,闲山风
2.0,2.0,不高兴
1.0,1.0,钒
5.0,5.0,Vane
5.0,5.0,孤星之夜
1.0,1.0,Dwight Lin
4.0,4.0,Vanessa
1.0,1.0,Hustlre.
5.0,5.0,___迟帅
2.0,2.0,我爱雅典娜
1.0,1.0,自由而无用的SB
1.0,1.0,TESLA
5.0,5.0,Viviankung
1.0,1.0,豆友169574904
4.0,4.0,s
2.0,2.0,oh
4.0,4.0,地瓜
2.0,2.0,7
2.0,2.0,钱朵朵
2.0,2.0,我想静静
2.0,2.0,海王星1985
4.0,4.0,月印万川
5.0,5.0,夏天的风????
2.0,2.0,real fantasy
1.0,1.0,Guesszzzhz
4.0,4.0,一闪一闪亮晶晶
1.0,1.0,一张祈祷凳
4.0,4.0,中间灰
2.0,2.0,我爱喝香菜榨汁
4.0,4.0,盲忙
5.0,5.0,静・生活每天都充满阳光
5.0,5.0,邵禹升
2.0,2.0,七个隆咚锵
1.0,1.0,鳄鱼纹
4.0,4.0,橘子味的猫
5.0,5.0,文刀火
4.0,4.0,直胖
2.0,2.0,blessing
2.0,2.0,URDAY
1.0,1.0,大创艾蒂而
4.0,4.0,jackman
2.0,2.0,丁将
1.0,1.0,请多点番茄酱
3.0,3.0,GalaxyRunner??
5.0,5.0,宋少女
2.0,2.0,微波炉小狗
2.0,2.0,LT3701
2.0,2.0,罅隙
4.0,4.0,王祉乔
4.0,4.0,单数路人甲
5.0,5.0,李六岁的娃娃亲
4.0,4.0,阿鑫.
4.0,4.0,MIGO
5.0,5.0,forcedemail.
4.0,4.0,霖
4.0,4.0,ZYX1607
2.0,2.0,巴巴拉少校
4.0,4.0,周纸弱
4.0,4.0,麻瓜凡
4.0,4.0,骆驼
5.0,5.0,老滕就是老滕
4.0,4.0,月兔Micaela
5.0,5.0,拿卡利
5.0,5.0,too分裂
5.0,5.0,
4.0,4.0,我去给你煮碗面
5.0,5.0,momo
5.0,5.0,电影隐士
4.0,4.0,小水滴
5.0,5.0,好多豆豆得友
5.0,5.0,帅哥今天有运动
4.0,4.0,alwayswithbm
3.0,3.0,读书下棋两不行
5.0,5.0,梅德布耀卜耀德
4.0,4.0,momo
2.0,2.0,YaltaCon
4.0,4.0,函数其
5.0,5.0,爱玩的过路人
4.0,4.0,公无渡河
5.0,5.0,WIN小蒂
4.0,4.0,豆友友658
5.0,5.0,呼哟哟
3.0,3.0,2952
5.0,5.0,夜总会★金爷
2.0,2.0,挑兮达兮
2.0,2.0,momo
4.0,4.0,江水悠悠
5.0,5.0,光影人生
5.0,5.0,MoCuishle
5.0,5.0,手提核弹炸陨石
5.0,5.0,Jay Zang
4.0,4.0,溯溯
4.0,4.0,黎明名
4.0,4.0,HaoLi
5.0,5.0,crystal  magic
5.0,5.0,宝藏男孩
4.0,4.0,走马醉千钟
4.0,4.0,千纸鹤
5.0,5.0,野草莓
4.0,4.0,大白
5.0,5.0,咖啡不菲i
4.0,4.0,二十一杯酒
4.0,4.0,Keith Lee
4.0,4.0,学术外围男
5.0,5.0,crystal  magic
4.0,4.0,大丸子
5.0,5.0,宝藏男孩
4.0,4.0,陌上谜鹿
3.0,3.0,Walder Frey
3.0,3.0,铅笔??
5.0,5.0,野草莓
4.0,4.0,19770305
5.0,5.0,咖啡不菲i
4.0,4.0,掉线
4.0,4.0,地黄
3.0,3.0,还有阿拉闫
4.0,4.0,W_H-L
5.0,5.0,炮腾
5.0,5.0,格兰芬多
3.0,3.0,小发条
5.0,5.0,北北。
5.0,5.0,蓝天
3.0,3.0,Hi Friday
5.0,5.0,xenomorph
5.0,5.0,哒啦啦
5.0,5.0,梁威是条狗
4.0,4.0,加菲
5.0,5.0,Grace
5.0,5.0,达乌里秦艽
4.0,4.0,小山chow
4.0,4.0,若轻
5.0,5.0,花花
5.0,5.0,zkd??
4.0,4.0,不良生
4.0,4.0,Vicbourne
4.0,4.0,暖。
5.0,5.0,武侠小王子
5.0,5.0,1128
5.0,5.0,Augusta
4.0,4.0,艾小柒
5.0,5.0,艺术设计君
5.0,5.0,火星美
5.0,5.0,弱冠小忍者
3.0,3.0,山竹教教主
5.0,5.0,好久好久可能你
4.0,4.0,宇宙永远有星
4.0,4.0,本来老六
4.0,4.0,天鹏
4.0,4.0,洪山热巴????o・
4.0,4.0,aoni
4.0,4.0,稀里哗啦
4.0,4.0,居无间
5.0,5.0,momo
5.0,5.0,Gaga Yu
4.0,4.0,Eleanor
4.0,4.0,?
2.0,2.0,盲忙
5.0,5.0,海绵宝宝
5.0,5.0,g1__
5.0,5.0,陌小九羽裳
5.0,5.0,嗯额
4.0,4.0,张博
2.0,2.0,土豆会开花
5.0,5.0,没啥可看的
5.0,5.0,Leslie
5.0,5.0,梦游仙境吗
4.0,4.0,娱乐圈梗姐
3.0,3.0,雕刻时光
3.0,3.0,vanvan
5.0,5.0,豆奶炸牛奶
4.0,4.0,金豌豆
5.0,5.0,耶加雪菲
4.0,4.0,二果子
3.0,3.0,麦麦
4.0,4.0,大隐隐于市
4.0,4.0,防晒霜
4.0,4.0,看见
5.0,5.0,小影加油
4.0,4.0,dvlyc
4.0,4.0,潇蔚
4.0,4.0,永远热泪盈眶
5.0,5.0,??
4.0,4.0,周日糖果
3.0,3.0,§-ｘīｎ
5.0,5.0,小傻瓜De萍萍
3.0,3.0,BBbighand
5.0,5.0,大白兔奶糖
4.0,4.0,沃伦・芒格
3.0,3.0,张乙心
4.0,4.0,苏大熊
5.0,5.0,小郭
2.0,2.0,ll
5.0,5.0,无人知晓
5.0,5.0,秉心塞渊
4.0,4.0,花开莫与留年错
4.0,4.0,phoenie
3.0,3.0,影娱盘点君
4.0,4.0,此人坑人无数
3.0,3.0,潘老师
4.0,4.0,??Lim
5.0,5.0,哎呦表酱说啦
4.0,4.0,苏九允
5.0,5.0,不要熬夜
4.0,4.0,局外人
5.0,5.0,伊申一世
3.0,3.0,??
3.0,3.0,乾乾
5.0,5.0,阅书观影2024
4.0,4.0,光影一路同行
4.0,4.0,雨落清晨
4.0,4.0,虎虎
4.0,4.0,世界在此定格
4.0,4.0,小兔兔哥哥
4.0,4.0,可惜我找不到自
5.0,5.0,momo
5.0,5.0,胖丁
4.0,4.0,freshtime
4.0,4.0,赵哈哈
4.0,4.0,南O^
4.0,4.0,mijin.x
5.0,5.0,鱼要丸子
5.0,5.0,Dream朝暮
3.0,3.0,Icilian
4.0,4.0,不笑
3.0,3.0,joe104
1.0,1.0,欧.尹
4.0,4.0,弹头2012
5.0,5.0,来自哈雷彗星
4.0,4.0,ccjd
5.0,5.0,不2良民
4.0,4.0,故人长绝
4.0,4.0,静以修…身
4.0,4.0,SUNY??
4.0,4.0,豆豆评影
4.0,4.0,iSha
5.0,5.0,随心
4.0,4.0,天欲雪
4.0,4.0,卡夫卡的小屋
4.0,4.0,粽人府
4.0,4.0,手机用户6557
3.0,3.0,Franklin
3.0,3.0,晓东
4.0,4.0,张春[阿卡纳]
5.0,5.0,天真的咸鱼
4.0,4.0,火锅小年糕
4.0,4.0,绿色巧克力
4.0,4.0,豆友224961344
4.0,4.0,momo
4.0,4.0,阿
4.0,4.0,白丁陈韦同
4.0,4.0,鹿知山
4.0,4.0,游侠
5.0,5.0,来包乐事吗丶
4.0,4.0,Uchiha_Sasuke
4.0,4.0,豆影
3.0,3.0,.
5.0,5.0,晴天有时下猪
4.0,4.0,双子叶
4.0,4.0,秦小皇影音疯刊
3.0,3.0,Kek444
3.0,3.0,豆狒
5.0,5.0,橘柑云乌
4.0,4.0,momo
5.0,5.0,你找不到我的
5.0,5.0,芜下阿萌
4.0,4.0,褓褓考面包
5.0,5.0,Pow(d)er
5.0,5.0,门口好多树
4.0,4.0,橘子小aa
5.0,5.0,liangc
4.0,4.0,呼呼
4.0,4.0,染尘
4.0,4.0,胡纾
4.0,4.0,蓝猫淘气
4.0,4.0,程莎莎Abigail
5.0,5.0,路人乙
4.0,4.0,Zoe
4.0,4.0,老符
5.0,5.0,搜库
4.0,4.0,EMEC
4.0,4.0,隽秀隽杰
3.0,3.0,LaIslaBonita
1.0,1.0,^
4.0,4.0,李小壮??
4.0,4.0,寻找跑龙套
2.0,2.0,安托万的造梦机
2.0,2.0,作风
5.0,5.0,Angela
4.0,4.0,xxx
3.0,3.0,木木
1.0,1.0,行而不行随风
4.0,4.0,come on 神来了
4.0,4.0,网瘾中年陈博士
4.0,4.0,路逍遥
5.0,5.0,花小蕊
4.0,4.0,式微
4.0,4.0,大银河
5.0,5.0,MISs.KIRA
4.0,4.0,傀。
2.0,2.0,酉命
5.0,5.0,豆豆⑦号
4.0,4.0,一ben假正经
4.0,4.0,枫林渡
4.0,4.0,LITTLE_MO
4.0,4.0,公子无忧
4.0,4.0,小医僧日记
5.0,5.0,Cecilia
4.0,4.0,飞天狐
5.0,5.0,safe and sound
4.0,4.0,月亮还没睡
4.0,4.0,Msdj523684kj
4.0,4.0,白芋糖
5.0,5.0,芦水喵语
5.0,5.0,白沙堤―露营
3.0,3.0,The Machine
4.0,4.0,麦提爽
2.0,2.0,蓝色大门1943
2.0,2.0,兰
5.0,5.0,闲敲棋子落灯花
4.0,4.0,Sunny
5.0,5.0,斐墨留香
4.0,4.0,拉拉西
4.0,4.0,橘猫爱吃鱼
5.0,5.0,=……=车梨
4.0,4.0,送月天明
4.0,4.0,木匠小强
4.0,4.0,清然
4.0,4.0,Ciel4
4.0,4.0,吴涟漪
3.0,3.0,Wongkar
4.0,4.0,me
5.0,5.0,宇宙里的小尘埃
5.0,5.0,小青
5.0,5.0,Bead lotus
3.0,3.0,木马骑士
3.0,3.0,柠檬的颜色
4.0,4.0,印月无痕
3.0,3.0,海市蜃楼
4.0,4.0,珍汐
2.0,2.0,跃
5.0,5.0,萑莜
4.0,4.0,Blackparade
4.0,4.0,快乐时代
5.0,5.0,不若不见
5.0,5.0,来自小城日照
4.0,4.0,知行
4.0,4.0,赖仁泣
4.0,4.0,zep
4.0,4.0,Yiannis
4.0,4.0,Even
4.0,4.0,Rochest
5.0,5.0,@花皮球@
4.0,4.0,玉生烟
5.0,5.0,小强RUC
3.0,3.0,橘子奶茶
5.0,5.0,太阳出来了嘿
3.0,3.0,蓝色多瑙河
4.0,4.0,渔子歌
4.0,4.0,图灵莉莎
4.0,4.0,阳光的微笑
4.0,4.0,吕小刚
3.0,3.0,丢了
4.0,4.0,conwei
4.0,4.0,方糖甜心
5.0,5.0,老王子
4.0,4.0,刀口君
4.0,4.0,Liance
3.0,3.0,血牙
4.0,4.0,往返银河
5.0,5.0,水木沐澄
4.0,4.0,Heandwe0811
4.0,4.0,ZXDKZLM
4.0,4.0,LeoI
5.0,5.0,人间本是修罗场
5.0,5.0,楚大刀
4.0,4.0,Duuuuye
4.0,4.0,桎火
4.0,4.0,不常上线的熊猫
4.0,4.0,风轻云淡
4.0,4.0,一米立
4.0,4.0,切切
3.0,3.0,七枷社
4.0,4.0,风雷
5.0,5.0,天马行空的生涯
4.0,4.0,神龙斗士
2.0,2.0,纸月亮??
4.0,4.0,Phoenix
5.0,5.0,Aspirin
3.0,3.0,ElenSila
4.0,4.0,哪吒男
4.0,4.0,#NAME?
4.0,4.0,yyh
4.0,4.0,HarperDie
4.0,4.0,Leo哥
4.0,4.0,罅昶
5.0,5.0,豆瓣在逃江湖骗子
5.0,5.0,宋小卡
4.0,4.0,嘟嘟熊之父
5.0,5.0,R4n9。
5.0,5.0,kim899
5.0,5.0,西西子
5.0,5.0,qqbb
3.0,3.0,death
3.0,3.0,co-neno
4.0,4.0,西楼尘
5.0,5.0,麻酱.
2.0,2.0,承恩
4.0,4.0,赫恩曼尼
5.0,5.0,遇见未知的自己
4.0,4.0,Wooooow
4.0,4.0,MR.二七一四九
1.0,1.0,药效很慢
4.0,4.0,袁长庚
2.0,2.0,豆友211775620
1.0,1.0,流浪的加菲猫??
5.0,5.0,可爱蓉蓉
3.0,3.0,小程同学
5.0,5.0,Huxley
2.0,2.0,有心打扰
4.0,4.0,HAL
4.0,4.0,沁七七
5.0,5.0,弋
4.0,4.0,LEON
4.0,4.0,炫彩菌子
4.0,4.0,frozenmoon
4.0,4.0,黄青蕉
4.0,4.0,谁在嘲讽我
4.0,4.0,佑秦
4.0,4.0,1806
4.0,4.0,寺司_
5.0,5.0,科林
4.0,4.0,晴寂
4.0,4.0,迩卑
4.0,4.0,小植野
4.0,4.0,mumudancing
4.0,4.0,张小北
1.0,1.0,流浪的加菲猫??
4.0,4.0,法外狂徒皮埃罗
4.0,4.0,慕容复
3.0,3.0,小程同学
2.0,2.0,yilian
4.0,4.0,Sn
2.0,2.0,是菲奥娜呀
4.0,4.0,内陆飞鱼
2.0,2.0,LORENZO 洛伦佐
1.0,1.0,豆友195174662
2.0,2.0,jennifer
4.0,4.0,CatHEagle
5.0,5.0,王仙客
5.0,5.0,christal
5.0,5.0,仲子曰
2.0,2.0,33岁帅气上班族
1.0,1.0,淋
2.0,2.0,深情小司
4.0,4.0,匡轶歌
5.0,5.0,素女子
4.0,4.0,LittleFanFan0
4.0,4.0,毛毛雨
5.0,5.0,L?wechen
2.0,2.0,Summers
4.0,4.0,恶魔的步调
4.0,4.0,JWKLt
4.0,4.0,雨前羽街
2.0,2.0,Elma
4.0,4.0,莱塞
3.0,3.0,lzy_ss
4.0,4.0,abracadabra
4.0,4.0,怪兽维克
5.0,5.0,天涯断肠粉
4.0,4.0,高司令
5.0,5.0,momo
5.0,5.0,1025hh
2.0,2.0,雨滴项链
3.0,3.0,Fillianore
3.0,3.0,tapisa
4.0,4.0,成木
4.0,4.0,无火的余烬
4.0,4.0,VZZ
3.0,3.0,慕容七
2.0,2.0,朵朵不多
5.0,5.0,迷宫中的站起来
4.0,4.0,SL_player
1.0,1.0,狂歌
4.0,4.0,拉布拉卡
5.0,5.0,王易寒
2.0,2.0,洛尔迦
5.0,5.0,爱小莉一生一世 
3.0,3.0,偏时差
3.0,3.0,蓝天白云
4.0,4.0,易暝君
2.0,2.0,空白
4.0,4.0,绿一蛙
4.0,4.0,Foams
5.0,5.0,染
4.0,4.0,哈里破特
3.0,3.0,Fyou :P
1.0,1.0,二马究竟是啥马
4.0,4.0,一脸横肉张小晒
2.0,2.0,山的南边有小镇
5.0,5.0,李坏
4.0,4.0,小舟
1.0,1.0,说有万里山
4.0,4.0,安妮
3.0,3.0,??乌托邦??
2.0,2.0,黄老三
1.0,1.0,钦尹子
4.0,4.0,天云阁
5.0,5.0,cedar cold
3.0,3.0,Doremi
2.0,2.0,芭比拯救世界
3.0,3.0,啦啦啦
4.0,4.0,Parallax...
4.0,4.0,黑骨精
4.0,4.0,烧炭小五郎
3.0,3.0,听海
2.0,2.0,咻咻咻
4.0,4.0,掉线
4.0,4.0,牛2牛1985
4.0,4.0,SydneyCarton
4.0,4.0,闵思嘉
2.0,2.0,月瑶咏望
4.0,4.0,读书点亮生活
4.0,4.0,ZZ
5.0,5.0,dataframe
2.0,2.0,天腐之国??
3.0,3.0,阿婷啊
2.0,2.0,神威肤Y
5.0,5.0,南方的橘子精
1.0,1.0,指ニ
1.0,1.0,俎瑞彩
5.0,5.0,公民凯丁
5.0,5.0,Zzzz
4.0,4.0,本味何知
4.0,4.0,小年左
4.0,4.0,暗闪光
5.0,5.0,伶人龙
4.0,4.0,操场上的卡夫卡
1.0,1.0,花枝
4.0,4.0,今天也不想早起
5.0,5.0,炸蚕豆
5.0,5.0,蓑沙ca
4.0,4.0,张大水
5.0,5.0,唐小北
1.0,1.0,王一
4.0,4.0,方枪枪
5.0,5.0,月亮武士
3.0,3.0,Esse
4.0,4.0,TUUTREN
5.0,5.0,?小刘??
4.0,4.0,放开那个浪味仙
2.0,2.0,第五原宿
3.0,3.0,hunteryu1998
5.0,5.0,小贝壳
5.0,5.0,梁少侠
3.0,3.0,☆紫凝曦☆
4.0,4.0,哥德堡
2.0,2.0,芦水喵语
3.0,3.0,Yvonne
5.0,5.0,告别恐惧症患者
2.0,2.0,张春[阿卡纳]
4.0,4.0,豆友182975599
2.0,2.0,丁春瑞
4.0,4.0,越鸟巢南枝
2.0,2.0,张擐huan
3.0,3.0,木讷Gail
4.0,4.0,anassi
5.0,5.0,??
4.0,4.0,老鱼爸爸
3.0,3.0,Leroy
4.0,4.0,枫丹白露
5.0,5.0,??
4.0,4.0,Penny!!Penny!!
5.0,5.0,我是的罗
1.0,1.0,小动物去天国
5.0,5.0,延续传说
4.0,4.0,归少准
4.0,4.0,A L E X
5.0,5.0,淡淡清酒香
4.0,4.0,动物本能
5.0,5.0,青绿纽扣
4.0,4.0,马达
4.0,4.0,余周周周周周耶
3.0,3.0,??thief
4.0,4.0,猪大勇
5.0,5.0,Karwai Auyeung
4.0,4.0,serendipity
4.0,4.0,麦姆威
4.0,4.0,Paracetamol
4.0,4.0,щ
5.0,5.0,俄罗斯方块
4.0,4.0,依然D兜
5.0,5.0,加一个煎蛋
4.0,4.0,FrozenElsa
2.0,2.0,甜宝小猪看日出
1.0,1.0,William H D Lee
1.0,1.0,Tiffany
3.0,3.0,千寻亿选
2.0,2.0,胭脂十三
4.0,4.0,柏拉小晨
5.0,5.0,你找不到我
1.0,1.0,河原宏
5.0,5.0,避开目光
2.0,2.0,局外人psy
4.0,4.0,@_@
1.0,1.0,小肥啾～
3.0,3.0,喻光线面
5.0,5.0,金额厅
4.0,4.0,斜陡
4.0,4.0,伤脑筋ing！
4.0,4.0,重生之我注六经
3.0,3.0,雅望
3.0,3.0,白舟
5.0,5.0,欹痕
1.0,1.0,обломов
4.0,4.0,C同学想当宇航员
4.0,4.0,刊谬补缺
4.0,4.0,大尉
4.0,4.0,梁老师
1.0,1.0,森Zoe??
4.0,4.0,何求美人折
4.0,4.0,NuurJannah
4.0,4.0,1amrr_
4.0,4.0,?
4.0,4.0,JOHN
4.0,4.0,goodbyejune
3.0,3.0,龙光彪
3.0,3.0,黑猫
4.0,4.0,懂某雨
2.0,2.0,慕容阿豹
2.0,2.0,纯洁的小蝴蝶
4.0,4.0,呼啦呼啦
4.0,4.0,安迪
4.0,4.0,N-curiosity
2.0,2.0,usc3l
3.0,3.0,星
3.0,3.0,7
1.0,1.0,自醉
1.0,1.0,拉文桑
4.0,4.0,zh
5.0,5.0,四季如春
5.0,5.0,夏侯
5.0,5.0,快快乐乐每一天
2.0,2.0,赵大宝
2.0,2.0,milancoffee
5.0,5.0,David
5.0,5.0,号洛涵
4.0,4.0,Percival
5.0,5.0,钱包你瘦了
4.0,4.0,早口小姐
2.0,2.0,Virgil
5.0,5.0,Eve
4.0,4.0,小米=qdmimi
5.0,5.0,五岳派岳盟主
5.0,5.0,{.L
2.0,2.0,迷特波鲁
4.0,4.0,huyouyou
4.0,4.0,边说边学的小涛
3.0,3.0,Fiona和平
3.0,3.0,盛宴
4.0,4.0,CeBerg
1.0,1.0,圆石
4.0,4.0,-suguru-
4.0,4.0,锅蒸之鱼
4.0,4.0,薇_尼卡
5.0,5.0,thintoy
5.0,5.0,Leon
1.0,1.0,Clyde
4.0,4.0,风留给春天
5.0,5.0,冰拥天下
2.0,2.0,残小雪
4.0,4.0,iasun
1.0,1.0,兔子不吃窝边草
4.0,4.0,GeminiKris
5.0,5.0,林娜链
5.0,5.0,图腾大船长
4.0,4.0,宫唯明
1.0,1.0,Listen-22
5.0,5.0,boris.
5.0,5.0,蜂唐罗隐
5.0,5.0,螃蟹必须蘸醋
4.0,4.0,比邻心理
5.0,5.0,小志爱吃大鸡腿
5.0,5.0,张春[阿卡纳]
5.0,5.0,夹心层
5.0,5.0,已注销
5.0,5.0,豆友
5.0,5.0,健康快乐小富婆
5.0,5.0,到天黑
4.0,4.0,阿婧
5.0,5.0,MNK
4.0,4.0,aiaiaixiahe
5.0,5.0,Jun
4.0,4.0,夜森
4.0,4.0,后自愈
1.0,1.0,CC就是屁股哥
5.0,5.0,萨尔茨堡飞鸟_
5.0,5.0,打豆豆看电影
5.0,5.0,福禄寿喜锅
5.0,5.0,无敌无语能能子
5.0,5.0,Pollyanna
5.0,5.0,男科节目主持人
2.0,2.0,太阳留住我
2.0,2.0,总有蓝天
5.0,5.0,momo
5.0,5.0,双立人厨房
4.0,4.0,黄青蕉
4.0,4.0,嘟嘟熊之父
4.0,4.0,春色迷人眼
1.0,1.0,一块培根
5.0,5.0,云与海浪边
2.0,2.0,Stan
1.0,1.0,豆友JFIEXMjKo8
4.0,4.0,老袁
5.0,5.0,??????????????
5.0,5.0,马吟吟
2.0,2.0,FFF
4.0,4.0,what'swilliam
5.0,5.0,MarkChristie
5.0,5.0,gbhffvhj_
5.0,5.0,stream
4.0,4.0,杂
5.0,5.0,栾樨
4.0,4.0,很好很会吃米
5.0,5.0,非典型文青
4.0,4.0,生生鸟
5.0,5.0,一直想
2.0,2.0,Cup_
5.0,5.0,一直想
5.0,5.0,吸影时
4.0,4.0,п，已限流
5.0,5.0,momo
5.0,5.0,掉线
4.0,4.0,Chokki
5.0,5.0,l拐杖糖
4.0,4.0,牛逼的呆呆
5.0,5.0,牛角酥
4.0,4.0,天马星
4.0,4.0,小瓣生??
5.0,5.0,毛小惺
4.0,4.0,Diana
1.0,1.0,Bjergsen
5.0,5.0,P小Y
4.0,4.0,藏月亮
5.0,5.0,别跳楼IG会赢的
1.0,1.0,ohhhhhhhhh
5.0,5.0,Hot sprite
1.0,1.0,甘达
5.0,5.0,影评人 杉姐
5.0,5.0,雪女
5.0,5.0,一江穷
5.0,5.0,看不见我
4.0,4.0,??
4.0,4.0,柳芝芝
4.0,4.0,伟大的乌鸦大人
5.0,5.0,自律小林
5.0,5.0,扶苏
5.0,5.0,momo
4.0,4.0,Kubrick2001
5.0,5.0,达摩克里斯
5.0,5.0,??
5.0,5.0,七公主
5.0,5.0,味噌子
4.0,4.0,发条王
5.0,5.0,Cruiser
5.0,5.0,@小~
5.0,5.0,你是不会当??吗
4.0,4.0,徐若风
5.0,5.0,廿 童子
5.0,5.0,_澧d]藁_
3.0,3.0,Eva艾菁
5.0,5.0,千林向摇落
5.0,5.0,小狐狸真真
5.0,5.0,野猪带治疗
4.0,4.0,酒也r_
4.0,4.0,April
5.0,5.0,大锤的root
5.0,5.0,琦殿
5.0,5.0,吹遍夏风
5.0,5.0,A型君
5.0,5.0,粉红猪小曼
1.0,1.0,ilivy
4.0,4.0,猛汉世雄
5.0,5.0,匡轶歌
2.0,2.0,快乐加多宝
4.0,4.0,Fallune立白
4.0,4.0,noxfang
5.0,5.0,今天
5.0,5.0,momo
5.0,5.0,Wj_7iaan
5.0,5.0,夜夜是好夜
4.0,4.0,豹子头林黛玉
4.0,4.0,labrador
4.0,4.0,bamboo
5.0,5.0,Ango
4.0,4.0,别搜我
5.0,5.0,破防课代表
4.0,4.0,luckyyyM
5.0,5.0,韩星星
4.0,4.0,Lavida
4.0,4.0,一只麦麦
4.0,4.0,小烨
5.0,5.0,长山大春
4.0,4.0,石墙
5.0,5.0,Ree
5.0,5.0,方枪枪
5.0,5.0,热辣滚烫郭德纲
5.0,5.0,Lynn
1.0,1.0,Manticore
4.0,4.0,祁十一
4.0,4.0,小ying的影
5.0,5.0,甜鱼不愚
5.0,5.0,男装女养胃一生
4.0,4.0,陆小鸟
5.0,5.0,Mia
5.0,5.0,亚里士多鹅
5.0,5.0,不良生
5.0,5.0,danyboy
5.0,5.0,豚豚
5.0,5.0,楼兰
5.0,5.0,\跆太
4.0,4.0,马牛逼是个树洞
4.0,4.0,冰红深蓝
5.0,5.0,放羊去
5.0,5.0,泡一条鱼怎么了
5.0,5.0,?????????
4.0,4.0,Caper
5.0,5.0,Dino
5.0,5.0,朝阳区陆依萍
4.0,4.0,20074##
5.0,5.0,尽可能快乐
4.0,4.0,巍
5.0,5.0,SKAM
4.0,4.0,易骨
5.0,5.0,镇河妖
5.0,5.0,STconstance
4.0,4.0,包子
5.0,5.0,momo
4.0,4.0,河影粒子
4.0,4.0,絮絮
5.0,5.0,大宝
5.0,5.0,百德新街
5.0,5.0,连城易脆
4.0,4.0,闲散人员小李
5.0,5.0,raining
5.0,5.0,桃子
4.0,4.0,眠去
5.0,5.0,二人
5.0,5.0,李小丢
5.0,5.0,戒糖出警
5.0,5.0,c
5.0,5.0,林与深
4.0,4.0,辛波卡
5.0,5.0,西区苛刻
5.0,5.0,自律
5.0,5.0,九个屁桃
3.0,3.0,流浪小脂
1.0,1.0,momozz
3.0,3.0,momo
4.0,4.0,毛舜禹
4.0,4.0,言
5.0,5.0,Rosa
5.0,5.0,知识混子
4.0,4.0,张小北
5.0,5.0,你不要过来啊
5.0,5.0,怀特金
4.0,4.0,汤面不喝汤
5.0,5.0,花语时
4.0,4.0,胖达叔
5.0,5.0,SiMON ★Joanne
4.0,4.0,王强Aaron
5.0,5.0,bbibbibo
4.0,4.0,皮皮鸦
5.0,5.0,烟花句
3.0,3.0,小宝
5.0,5.0,murmur
5.0,5.0,兔子
4.0,4.0,柑橘和柠檬啊
5.0,5.0,Tiffany
4.0,4.0,方悄悄
5.0,5.0,宋小卡
4.0,4.0,朗姐??
5.0,5.0,NANA
4.0,4.0,祝羽捷
5.0,5.0,纯子Yaa
5.0,5.0,祥子没有骆驼
5.0,5.0,跳跳
1.0,1.0,momo
3.0,3.0,朱熠
4.0,4.0,朝阳区妻夫木聪
5.0,5.0,姜小白
5.0,5.0,一一
4.0,4.0,十二月狂想曲
5.0,5.0,赛琳娜
3.0,3.0,卫信陵
5.0,5.0,去下一个夏天
5.0,5.0,春逸盎然
4.0,4.0,阿席达卡
4.0,4.0,豆瓣路人己
2.0,2.0,徐子陵
4.0,4.0,礼物啊
5.0,5.0,本本分分的歹劳
5.0,5.0,日生辛瓜辛
5.0,5.0,IRIS
5.0,5.0,朝颜
4.0,4.0,zhangfan??
5.0,5.0,两毛钱的快乐
1.0,1.0,豆友219794968
5.0,5.0,帕布莉卡
5.0,5.0,糯米团子头
5.0,5.0,戏剧疯子
2.0,2.0,年轻的樵夫
5.0,5.0,momo
5.0,5.0,光英俊
1.0,1.0,Lushanyehua
4.0,4.0,绿毛水怪
4.0,4.0,杜扬Seatory
4.0,4.0,消亡之人
5.0,5.0,萌呆
4.0,4.0,林莫得意斯康
4.0,4.0,chaohatesdance
5.0,5.0,积极的章鱼
5.0,5.0,chi
5.0,5.0,公歌我亦能书
5.0,5.0,枯藤上的老乌鸦
4.0,4.0,我累特
4.0,4.0,Ghost
5.0,5.0,某四
5.0,5.0,小啦叽
5.0,5.0,NJ安可
4.0,4.0,薇_尼卡
1.0,1.0,饭橙子??
1.0,1.0,waltzingbel
4.0,4.0,Xieirse
5.0,5.0,青岚姑娘
5.0,5.0,伍柒肆
5.0,5.0,沐沐糖
5.0,5.0,LostCoast
4.0,4.0,一个橙子
4.0,4.0,Celia
5.0,5.0,雯松
5.0,5.0,S.S
5.0,5.0,Sylvia KK
4.0,4.0,王清欢
4.0,4.0,鲸落
5.0,5.0,张腾森
5.0,5.0,HarperDie
5.0,5.0,贾饱宇
4.0,4.0,陈安夏
5.0,5.0,又满孤光
5.0,5.0,xiaoyu
5.0,5.0,乐道子
5.0,5.0,选选
4.0,4.0,August
4.0,4.0,融化又凝结
4.0,4.0,板烧鸡腿堡
5.0,5.0,卫司瞳Leah
5.0,5.0,小猪快跑233
5.0,5.0,人类勿忘我
4.0,4.0,vanillacats
5.0,5.0,西西柠-
5.0,5.0,??橙子的橙
4.0,4.0,Carrie
4.0,4.0,外企搬砖人
5.0,5.0,活着全靠勇气
5.0,5.0,M熊
5.0,5.0,Sugar
4.0,4.0,Kler
5.0,5.0,momo
5.0,5.0,小余在北京
4.0,4.0,王小泡
4.0,4.0,Hedva
4.0,4.0,空青
5.0,5.0,子文东????
2.0,2.0,TT睡不饱
4.0,4.0,孔府小鱼
4.0,4.0,万用青年猫爪君
5.0,5.0,好汉堡
5.0,5.0,小仙少年多么萌
3.0,3.0,柿饼
5.0,5.0,S
5.0,5.0,永水
5.0,5.0,Jasmine
5.0,5.0,聋的传人
5.0,5.0,管好你的臀部
5.0,5.0,沉默的小皮
5.0,5.0,HelloDoris
5.0,5.0,阿卓
5.0,5.0,Bazinga
5.0,5.0,麦田的微风
5.0,5.0,吃脆瓜不是沙瓜
5.0,5.0,宋倩文
4.0,4.0,拉撒路
1.0,1.0,诗季织晴
5.0,5.0,??娘卷卷??
4.0,4.0,西北一枝花
5.0,5.0,薄雾.
5.0,5.0,多多里
5.0,5.0,Zero-Lin
4.0,4.0,Mr. Infamous
4.0,4.0,小风一吹
3.0,3.0,善良的美女
4.0,4.0,K子
5.0,5.0,杨花落
5.0,5.0,DJLily
5.0,5.0,辣碗痞丝
5.0,5.0,小院亦有花
5.0,5.0,七个隆咚锵
4.0,4.0,SundanceKid??
5.0,5.0,Monchat
2.0,2.0,94阿毛
5.0,5.0,Xayah??
5.0,5.0,德令哈
1.0,1.0,美好
5.0,5.0,原来是西门大嫂
2.0,2.0,Dragoon/AFK
5.0,5.0,普通玩家VVM
5.0,5.0,Sylvia
4.0,4.0,皮革业
4.0,4.0,文森特九六
5.0,5.0,亲爱的桂花树
5.0,5.0,豆友250044231
5.0,5.0,若有若无的小情
